时间,排名,热搜内容,地域,主题,上榜时间,最后时间
2020/2/21 12:00,1,韩国确认发生超级传播,国外-韩国,疫情-新增,2020/2/21 17:26,"2020/2/21
7:46"
2020/2/21 12:00,2,周琪 新冠病毒不能通过皮肤侵入人体,国内,专家-周琪,2020/2/21 16:38,"2020/2/21
11:22"
2020/2/21 12:00,3,延迟婚期的武汉医生感染离世,国内-湖北-武汉,医护-去世,2020/2/21 16:52,"2020/2/21
8:52"
2020/2/21 12:00,4,山东省司法厅厅长被免职,国内-山东,政府-免职|政府-问责,2020/2/21 16:28,"2020/2/21
10:34"
2020/2/21 12:00,5,湖北以外地区新增病例出现反弹,国内,疫情-新增,2020/2/21 17:58,"2020/2/21
10:12"
2020/2/21 12:00,6,疫苗最快4月下旬申报临床试验,国内,疫情-疫苗,2020/2/21 16:02,"2020/2/21
11:06"
2020/2/21 12:00,8,青海新冠肺炎确诊患者清零,国内-青海,疫情-减少,2020/2/21 17:54,"2020/2/21
11:04"
2020/2/21 12:00,11,武汉训斥医护人员患者被停职检查,国内-湖北-武汉,政府-免职,2020/2/21 14:58,"2020/2/21
8:22"
2020/2/21 12:00,12,日本累计确诊728例新冠肺炎,国外-日本,疫情-新增,2020/2/21 13:46,"2020/2/21
7:12"
2020/2/21 12:00,13,日本暂不强制取消大型活动,国外-日本,防控-大型活动,2020/2/21 13:32,"2020/2/21
7:46"
2020/2/21 12:00,14,首个新冠病毒原子图,国内,疫情-知识,2020/2/21 12:48,"2020/2/21
7:34"
2020/2/21 12:00,21,山东新增202例新型肺炎,国内-山东,疫情-新增,2020/2/21 17:04,"2020/2/21
10:28"
2020/2/21 12:00,22,给武汉无偿送菜回乡被骂瘟神,国内-湖北-武汉,物资-蔬菜,2020/2/21 15:02,"2020/2/21
9:12"
2020/2/21 12:00,24,济宁任城监狱确诊200例,国内-山东-济宁,疫情-新增,2020/2/21 13:52,"2020/2/21
10:38"
2020/2/21 12:00,25,浙江新增28例新型肺炎,国内-浙江,疫情-新增,2020/2/21 13:52,"2020/2/21
9:38"
2020/2/21 12:00,28,全国累计确诊新冠肺炎75465例,国内,疫情-播报,2020/2/21 16:40,"2020/2/21
9:32"
2020/2/21 12:00,31,韩国三军都发现确诊感染者,国外-韩国,疫情-新增,2020/2/21 14:00,"2020/2/21
9:26"
2020/2/21 12:00,33,官方回应与感染者交谈不到3分钟被感染,国内,政府-解惑,2020/2/21 13:20,"2020/2/21
10:58"
2020/2/21 12:00,35,健忘症爷爷打扫方舱医院,国内,医院-方舱,2020/2/21 13:24,"2020/2/21
8:30"
2020/2/21 12:00,36,北京建议商品市场等场所摘掉门帘,国内-北京,防控-商场,2020/2/21 12:46,"2020/2/21
8:22"
2020/2/21 12:00,39,首批6000份面部防护贴送往火神山医院,国内,医护-火神山|物资-防护贴,2020/2/21 12:36,"2020/2/21
9:10"
2020/2/21 12:00,40,韩国医院5名护士确诊新冠肺炎,国外-韩国,疫情-新增,2020/2/21 13:44,"2020/2/21
11:24"
2020/2/21 12:00,42,50余名治愈患者集体出舱,国内,疫情-减少|医护-方舱,2020/2/21 12:32,"2020/2/21
11:44"
2020/2/21 12:00,43,超过100名康复者献出血浆,国内,疫情-血清捐献,2020/2/21 12:32,"2020/2/21
11:50"
2020/2/21 12:00,44,西藏连续22天无新增病例,国内-西藏,疫情-稳定,2020/2/21 12:18,"2020/2/21
11:48"
2020/2/21 12:00,46,山东浙江多人因疫情防控不力被免职,国内-山东|浙江,政府-免职,2020/2/21 18:54,"2020/2/21
12:00"
2020/2/21 12:00,48,威斯特丹号全员检测阴性,国外-游轮,疫情-新增|资讯-威斯特丹号,2020/2/21 12:04,"2020/2/21
11:12"
2020/2/21 12:00,49,河南学校3月1日后开学,国内-河南,复工-开学,2020/2/21 12:38,"2020/2/21
7:20"
2020/2/20 12:00,2,为什么武汉新增病例高于湖北全省,国内-湖北-武汉,疫情-解惑,2020/2/20 17:38,"2020/2/20
11:04"
2020/2/20 12:00,3,王辰 新冠病毒有可能长期存在,国内,专家-观点,2020/2/20 15:40,"2020/2/20
7:46"
2020/2/20 12:00,4,医护小姐姐下意识撩头发,国内,医护-护士,2020/2/20 18:42,"2020/2/20
10:54"
2020/2/20 12:00,9,新冠肺炎重症救治难度比SARS高,国内,疫情-知识,2020/2/20 16:10,"2020/2/20
9:56"
2020/2/20 12:00,11,韩国新增新冠肺炎31例,国外-韩国,疫情-新增,2020/2/20 14:02,"2020/2/20
11:02"
2020/2/20 12:00,13,湖北新增349例新冠肺炎,国内-湖北,疫情-新增,2020/2/20 13:32,"2020/2/20
7:22"
2020/2/20 12:00,24,方舱医院医生感慨医患关系回来了,国内,医护-医患关系|医护-方舱,2020/2/20 13:32,"2020/2/20
7:54"
2020/2/20 12:00,27,钻石公主号2名新冠肺炎感染者死亡,国外-游轮,疫情-死亡|资讯-钻石公主号,2020/2/20 14:28,"2020/2/20
11:10"
2020/2/20 12:00,32,游客讲述钻石公主号船上经历,国外-游轮,资讯-钻石公主号,2020/2/20 13:10,"2020/2/20
9:14"
2020/2/20 12:00,34,北京市将补贴受疫情影响的影视项目,国内-北京,政府-产业扶持,2020/2/20 13:18,"2020/2/20
11:12"
2020/2/20 12:00,35,江苏无新增确诊病例,国内-江苏,疫情-稳定,2020/2/20 12:36,"2020/2/20
10:10"
2020/2/20 12:00,38,原解放军被服厂转产防护服,国内,军队-解放军|物资-防护服,2020/2/20 12:20,"2020/2/20
9:46"
2020/2/20 12:00,41,多地优待一线医务子女入学,国内,政府-医护救助,2020/2/20 12:02,"2020/2/20
11:32"
2020/2/20 12:00,45,全国13地新增病例为0,国内,疫情-稳定,2020/2/20 12:46,"2020/2/20
12:00"
2020/2/20 12:00,46,多家车企转产医疗物资,国内,企业-车企|物资-生产,2020/2/20 12:18,"2020/2/20
12:00"
2020/2/19 12:00,2,韩国新增15例新型肺炎,国外-韩国,疫情-新增,2020/2/19 15:36,"2020/2/19
11:20"
2020/2/19 12:00,3,浙江多地包机免费接工人返岗,国内-浙江,复工-生产|企业-包机,2020/2/19 15:48,"2020/2/19
10:48"
2020/2/19 12:00,9,武汉再发现居家确诊病人将问责,国内-湖北-武汉,政府-问责,2020/2/20 09:06,"2020/2/19
0:28"
2020/2/19 12:00,11,600名务工人员免费坐高铁复工,国内,复工-生产|企业-包高铁,2020/2/19 13:34,"2020/2/19
9:46"
2020/2/19 12:00,13,全国累计确诊新冠肺炎74185例,国内,疫情-播报,2020/2/19 13:22,"2020/2/19
8:16"
2020/2/19 12:00,17,2次检测阴性出院后又确诊,国内,疫情-新增|疫情-复发,2020/2/19 18:26,"2020/2/19
11:26"
2020/2/19 12:00,18,北京新增6例新型肺炎,国内-北京,疫情-新增,2020/2/19 15:54,"2020/2/19
10:44"
2020/2/19 12:00,25,新冠肺炎女童出院跳舞感谢医护,国内,疫情-减少|医护-致谢,2020/2/19 15:30,"2020/2/19
10:06"
2020/2/19 12:00,30,新加坡严惩违反居家隔离制度者,国外-新加坡,防控-严惩,2020/2/19 13:24,"2020/2/19
11:06"
2020/2/19 12:00,31,实探郑州富士康复工,国内-河南-郑州,复工-生产,2020/2/19 13:46,"2020/2/19
10:46"
2020/2/19 12:00,32,中山大学给湖北籍学生发慰问金,国内,政府-慰问,2020/2/19 16:16,"2020/2/19
11:50"
2020/2/19 12:00,33,撤销蛙类养殖专业委员会,国内,其他,2020/2/19 14:08,"2020/2/19
11:14"
2020/2/19 12:00,34,国务院决定阶段性减免企业社保费,国内,政府-企业扶持,2020/2/19 12:22,"2020/2/18
20:04"
2020/2/19 12:00,38,钟南山为有体力工作坚持健身,国内,人物-钟南山,2020/2/19 14:36,"2020/2/19
7:28"
2020/2/19 12:00,41,钻石公主号首批约500名乘客下船,国外-游轮,资讯-钻石公主号,2020/2/19 16:16,"2020/2/19
11:50"
2020/2/19 12:00,42,武汉非新冠肺炎特殊患者救治医院名单,国内-湖北-武汉,医护-定点医院,2020/2/19 12:16,"2020/2/19
8:44"
2020/2/19 12:00,43,疫情防控严禁过度执法粗暴执法,国内,政府-执法,2020/2/19 12:18,"2020/2/19
11:20"
2020/2/19 12:00,44,日本国内累计确诊616例,国外-日本,疫情-播报,2020/2/19 13:06,"2020/2/18
23:28"
2020/2/19 12:00,46,湖北新增1693例新冠肺炎,国内-湖北,疫情-新增,2020/2/19 12:26,"2020/2/19
7:10"
2020/2/19 12:00,48,浙江推出中药预防疫病推荐方,国内-浙江,疫情-中药,2020/2/19 12:08,"2020/2/19
11:26"
2020/2/19 12:00,50,世卫官员点赞中国返城复工疫情防控,国外,WHO|防控-评价,2020/2/19 12:02,"2020/2/19
8:18"
2020/2/18 12:00,1,钟南山谈新冠肺炎疫情峰值,国内,人物-钟南山,2020/2/18 17:04,"2020/2/18
7:32"
2020/2/18 12:00,2,北京为复工单位个人定制公交,国内-北京,防控-公交,2020/2/18 16:42,"2020/2/18
10:10"
2020/2/18 12:00,3,世卫组织不提高疫情全球风险级别,国外,WHO|防控-评价,2020/2/18 16:12,2020/2/18 10:46
2020/2/18 12:00,10,中储粮湖北库存满足湖北半年以上需求,国内-湖北,物资-粮食,2020/2/18 16:14,"2020/2/18
11:38"
2020/2/18 12:00,11,钻石公主号所有人员样本采集完毕,国外-游轮,资讯-钻石公主号,2020/2/18 15:40,"2020/2/18
10:22"
2020/2/18 12:00,12,武汉通报4起防疫违纪问题,国内-湖北-武汉,政府-问责,2020/2/18 14:02,"2020/2/18
11:12"
2020/2/18 12:00,13,孝感缺N95防护服无创呼吸机,国内-湖北-孝感,物资-防护服|物资-呼吸机,2020/2/18 13:24,"2020/2/18
8:52"
2020/2/18 12:00,14,全国累计确诊新冠肺炎72436例,国内,疫情-播报,2020/2/18 14:28,"2020/2/18
8:04"
2020/2/18 12:00,19,义乌包车去全国各地接回员工,国内-浙江-义乌,复工-生产|企业-包车,2020/2/18 15:18,"2020/2/18
11:30"
2020/2/18 12:00,21,日本司机采访中被告知确诊新冠肺炎,国外-日本,疫情-新增,2020/2/18 16:58,"2020/2/18
9:02"
2020/2/18 12:00,23,央企累计捐款超过25亿元,国内,政府-捐款|企业-捐款,2020/2/18 14:46,"2020/2/18
11:44"
2020/2/18 12:00,26,武汉市民现在如何购物,国内-湖北-武汉,人民-购物,2020/2/18 15:38,"2020/2/18
8:10"
2020/2/18 12:00,27,黑龙江疫情重点地区实施严九条,国内-黑龙江,防控-措施,2020/2/18 14:24,"2020/2/18
9:40"
2020/2/18 12:00,28,食品厂硬核防疫复工,国内,复工-生产|企业-食品厂,2020/2/18 15:16,"2020/2/18
10:32"
2020/2/18 12:00,31,武汉疫情防控特别优秀的可破格提拔,国内-湖北-武汉,政府-提拔,2020/2/18 12:50,"2020/2/18
8:20"
2020/2/18 12:00,34,因公感染新冠肺炎殉职者应评定为烈士,国内,政府-措施,2020/2/18 19:14,"2020/2/17
22:20"
2020/2/18 12:00,35,连续6天治愈出院超千人,国内,疫情-减少,2020/2/18 13:20,"2020/2/18
9:40"
2020/2/18 12:00,37,湖北以外新增病例14连降,国内,疫情-减少,2020/2/18 14:30,"2020/2/18
8:24"
2020/2/18 12:00,39,广东援鄂医疗队员获1万补助,国内-广东,医护-补助,2020/2/18 13:58,"2020/2/18
8:42"
2020/2/18 12:00,43,湖北新增1807例新冠肺炎,国内-湖北,疫情-新增,2020/2/18 13:44,"2020/2/18
7:08"
2020/2/18 12:00,44,涉药央企正进行新冠疫苗研发,国内,疫情-疫苗,2020/2/18 14:28,"2020/2/18
11:56"
2020/2/17 12:00,1,河南信阳出现两例超常规病例,国内-河南-信阳,疫情-新增,2020/2/17 13:32,"2020/2/17
9:20"
2020/2/17 12:00,2,钻石公主号有40名美国人确诊感染,国外-游轮,资讯-钻石公主号,2020/2/17 17:50,"2020/2/17
9:46"
2020/2/17 12:00,3,武汉必须开放的公共场所扫码入出,国内-湖北-武汉,防控-公共场所,2020/2/17 15:16,"2020/2/17
7:20"
2020/2/17 12:00,4,湖北要求疑似患者核酸检测当日清零,国内-湖北,疫情-检测,2020/2/17 17:42,"2020/2/17
9:40"
2020/2/17 12:00,8,全国累计确诊新冠肺炎70548例,国内,疫情-播报,2020/2/17 16:52,"2020/2/17
9:08"
2020/2/17 12:00,10,武汉20位康复医护人员捐血浆,国内-湖北-武汉,疫情-血清捐献,2020/2/17 13:58,"2020/2/17
10:18"
2020/2/17 12:00,12,河南企业研发新型隔离帽,国内-河南,物资-隔离帽,2020/2/17 15:28,"2020/2/17
7:36"
2020/2/17 12:00,13,日本东京奥组委称奥运会将如期举行,国外-日本,资讯-奥运会,2020/2/17 13:34,"2020/2/17
8:22"
2020/2/17 12:00,14,湖北以外新增病例13连降,国内,疫情-减少,2020/2/17 21:06,"2020/2/17
9:34"
2020/2/17 12:00,24,上海乘坐公交必须佩戴口罩,国内-上海,防控-口罩,2020/2/17 15:04,"2020/2/17
11:36"
2020/2/17 12:00,27,国家专家组成员解密上海抗疫用药,国内-上海,专家-抗疫药物,2020/2/17 13:38,"2020/2/17
10:38"
2020/2/17 12:00,32,运20机票致敬白衣战士,国内,医护-集结,2020/2/17 13:22,"2020/2/17
9:20"
2020/2/17 12:00,33,全国第1例新冠肺炎逝世患者遗体解剖,国内,资讯-遗体解剖,2020/2/17 16:50,"2020/2/16
20:52"
2020/2/17 12:00,34,卫健委明确要减轻基层防疫人员负担,国内,政府-防疫人员|卫健委,2020/2/17 12:10,"2020/2/16
16:08"
2020/2/17 12:00,36,湖北新增1933例新冠肺炎,国内-湖北,疫情-新增,2020/2/17 12:48,"2020/2/17
7:10"
2020/2/17 12:00,39,黄冈一线医护人员优先评职称晋升,国内-湖北-黄冈,政府-医护救助,2020/2/17 13:02,"2020/2/17
8:44"
2020/2/17 12:00,43,军队增派2600名医护人员全部抵达武汉,国内,医护-集结|军队,2020/2/17 14:32,"2020/2/17
11:32"
2020/2/17 12:00,44,生产销售问题医用口罩最高可判无期,国内,政府-问责,2020/2/17 13:00,"2020/2/17
7:54"
2020/2/17 12:00,45,追授抗疫牺牲民警王春天二级英模,国内,政府-防疫人员,2020/2/17 12:52,"2020/2/17
11:42"
2020/2/17 12:00,48,追殡葬车哭喊妈妈女孩居家隔离,国内,疫情-死亡案例,2020/2/17 12:40,"2020/2/16
22:38"
2020/2/17 12:00,50,全国累计治愈出院病例破万,国内,疫情-播报|疫情-减少,2020/2/17 12:28,"2020/2/17
9:30"
2020/2/16 12:00,1,医用口罩生产后要解析14天,国内,物资-口罩,2020/2/16 18:42,"2020/2/16
10:40"
2020/2/16 12:00,2,男子解除隔离10天后发病,国内,疫情-复发,2020/2/16 17:24,"2020/2/16
7:46"
2020/2/16 12:00,5,武汉病毒所目前零感染,国内-湖北-武汉,疫情-病毒所,2020/2/16 15:28,"2020/2/16
9:02"
2020/2/16 12:00,7,血浆治疗,国内,疫情-血清捐献,2020/2/16 17:36,"2020/2/16
11:06"
2020/2/16 12:00,9,湖北通报6起防疫不力问责8人,国内-湖北,政府-问责,2020/2/16 19:36,"2020/2/16
11:10"
2020/2/16 12:00,11,江苏医生结婚第二天就出征,国内-江苏,医护,2020/2/16 14:16,"2020/2/16
8:56"
2020/2/16 12:00,15,新冠肺炎已开始在日本流行,国外-日本,疫情-新增,2020/2/16 15:14,"2020/2/15
23:16"
2020/2/16 12:00,21,黑龙江新增20例新冠肺炎,国内-黑龙江,疫情-新增,2020/2/16 14:30,"2020/2/16
10:56"
2020/2/16 12:00,26,疫情下的口罩厂,国内,物资-口罩,2020/2/16 15:36,"2020/2/16
9:02"
2020/2/16 12:00,27,钻石公主号新确诊70例新冠肺炎,国外-游轮,资讯-钻石公主号,2020/2/16 15:02,"2020/2/16
10:32"
2020/2/16 12:00,29,湖北以外新增确诊病例12连降,国内,疫情-减少,2020/2/17 09:28,"2020/2/16
9:12"
2020/2/16 12:00,30,全国累计确诊新冠肺炎68500例,国内,疫情-播报,2020/2/16 13:48,"2020/2/16
9:16"
2020/2/16 12:00,31,峨眉山景区向全国医护工作者免费开放,国内,政府-医护救助,2020/2/16 13:40,"2020/2/16
11:16"
2020/2/16 12:00,32,巴萨声援中国,国外,咨询-巴萨,2020/2/16 13:48,"2020/2/16
8:58"
2020/2/16 12:00,35,连续4天治愈出院超千人,国内,疫情-减少,2020/2/16 13:04,"2020/2/16
10:16"
2020/2/16 12:00,38,辅警抗疫一线奋战18天殉职,国内,政府-防疫人员,2020/2/16 14:06,"2020/2/16
10:24"
2020/2/16 12:00,41,治愈患者留在药盒上的一首诗,国内,疫情-治愈,2020/2/16 13:04,"2020/2/16
8:08"
2020/2/16 12:00,42,湖北新增新冠肺炎1843例,国内-湖北,疫情-新增,2020/2/16 12:56,"2020/2/16
7:36"
2020/2/16 12:00,46,青海连续10天无新增病例,国内-青海,疫情-新增,2020/2/16 12:34,"2020/2/16
11:46"
2020/2/16 12:00,49,谭德塞赞赏中国为疫情做出的努力,国外,WHO|防控-评价,2020/2/16 12:02,"2020/2/16
11:22"
2020/2/15 12:00,1,湖北一半以上确诊病例都用中医药治疗,国内-湖北,疫情-中医,2020/2/15 19:06,"2020/2/15
10:30"
2020/2/15 12:00,2,6毛口罩卖1元平时售价几分钱,国内,物资-口罩,2020/2/15 18:22,"2020/2/15
11:24"
2020/2/15 12:00,3,已派出3支国家中医医疗队2220人,国内,疫情-中医,2020/2/15 16:06,"2020/2/15
10:14"
2020/2/15 12:00,6,新冠肺炎在非洲大陆首例确诊病例,国外-非洲,疫情-新增,2020/2/15 16:12,"2020/2/15
7:42"
2020/2/15 12:00,7,央行向武汉调拨新钞40亿元,国内-湖北-武汉,政府-资金,2020/2/15 16:44,"2020/2/15
10:56"
2020/2/15 12:00,10,张家界疾控中心科长躲疫情被撤职,国内-湖南-张家界,政府-问责,2020/2/15 12:28,"2020/2/15
7:20"
2020/2/15 12:00,11,全国累计确诊新冠肺炎66492例,国内,疫情播报,2020/2/16 06:18,"2020/2/15
8:20"
2020/2/15 12:00,12,韩红,国内,人物-韩红,2020/2/15 15:00,"2020/1/26
10:44"
2020/2/15 12:00,14,武汉重症病例约占确诊和住院病例18%,国内-湖北-武汉,疫情-重症,2020/2/15 12:58,"2020/2/15
10:30"
2020/2/15 12:00,15,钟南山指导研制出快速检测试剂盒,国内,人物-钟南山,2020/2/15 14:04,"2020/2/15
7:32"
2020/2/15 12:00,17,东京马拉松恳请居住中国选手退赛,国外-日本,资讯-马拉松,2020/2/15 17:16,"2020/2/15
11:06"
2020/2/15 12:00,20,连鸡蛋都有清晰记录的捐赠明细,国内,人物-韩红,2020/2/15 14:58,"2020/2/15
8:32"
2020/2/15 12:00,22,新冠病毒显微镜彩照,国内,疫情-知识,2020/2/15 18:10,"2020/2/15
9:28"
2020/2/15 12:00,29,国新办疫情防控发布会,国内,防控-发布会,2020/2/15 16:02,"2020/2/15
9:40"
2020/2/15 12:00,35,荆州,国内-湖北-荆州,其他,2020/2/15 16:48,"2020/2/15
0:56"
2020/2/15 12:00,36,网警回应男子称被父亲派车接回荆州,国内-湖北-荆州,政府-问责,2020/2/15 13:06,"2020/2/15
8:54"
2020/2/15 12:00,40,湖北以外新增病例11连降,国内,疫情-减少,2020/2/15 12:50,"2020/2/15
8:38"
2020/2/15 12:00,44,武汉患者盼到解放军激动说谢谢,国内-湖北-武汉,军队,2020/2/15 15:24,"2020/2/15
11:52"
2020/2/15 12:00,46,此次调动医疗救援规模速度超汶川地震,国内,政府-调度,2020/2/15 12:44,"2020/2/15
10:00"
2020/2/15 12:00,47,京东口罩,国内,物资-口罩,2020/2/15 12:10,"2020/2/14
20:50"
2020/2/14 12:00,2,多地明确延迟开学时间可用暑期补齐,国内,复工-开学,2020/2/16 08:56,"2020/2/14
11:38"
2020/2/14 12:00,3,1岁重型新冠肺炎宝宝康复出院,国内,疫情-治愈,2020/2/14 14:46,"2020/2/14
10:10"
2020/2/14 12:00,8,湖北新增4823例新冠肺炎,国内-湖北,疫情-新增,2020/2/14 15:02,"2020/2/14
8:14"
2020/2/14 12:00,9,江苏新增新冠肺炎23例,国内-江苏,疫情-新增,2020/2/14 14:38,"2020/2/14
11:28"
2020/2/14 12:00,12,治疗性新冠特免血浆制品已投入临床,国内,疫情-治疗|临床试验,2020/2/14 13:52,"2020/2/14
7:04"
2020/2/14 12:00,14,患者康复后体内含抗体,国内,资讯,2020/2/14 14:20,"2020/2/14
7:36"
2020/2/14 12:00,20,中国医生,国内,医护,2020/2/14 15:44,"2020/1/29
20:36"
2020/2/14 12:00,22,河南新增新冠肺炎15例,国内-河南,疫情-新增,2020/2/14 13:30,"2020/2/14
11:28"
2020/2/14 12:00,24,全国多名基层干部获火线提拔,国内,政府-提拔,2020/2/14 14:12,"2020/2/14
10:54"
2020/2/14 12:00,25,当爱情遇上疫情,国内,其他,2020/2/14 14:04,"2020/2/14
9:04"
2020/2/14 12:00,30,全国累计确诊新冠肺炎63851例,国内,疫情-通报,2020/2/14 13:28,"2020/2/14
10:56"
2020/2/14 12:00,33,苏州护士在武汉的25岁生日,国内-湖北-武汉,医护-护士,2020/2/14 12:16,"2020/2/14
9:06"
2020/2/14 12:00,34,加强对湖北及武汉纪检监察工作指导,国内-湖北-武汉,政府-纪检,2020/2/14 12:08,"2020/2/13
21:50"
2020/2/14 12:00,36,女子连闯3个防疫卡点,国内,群众-违规,2020/2/14 16:06,"2020/2/14
11:42"
2020/2/14 12:00,38,天津通过禁食野生动物决定,国内-天津,政府-野生动物,2020/2/14 15:08,"2020/2/14
11:40"
2020/2/14 12:00,40,浙江400名白衣战士驰援武汉,国内-浙江,医护-驰援,2020/2/14 12:26,"2020/2/14
10:38"
2020/2/14 12:00,42,阿富汗小伙搜集2万只口罩捐武汉,国外-阿富汗,群众-捐赠|口罩,2020/2/14 12:28,"2020/2/14
11:00"
2020/2/14 12:00,44,俄罗斯报整版海报为武汉加油,国外-俄罗斯,新闻,2020/2/14 13:26,"2020/2/14
10:58"
2020/2/14 12:00,46,张挪富 有可能出现其他病毒传播途径,国内,专家-张挪富,2020/2/14 12:12,"2020/2/13
22:44"
2020/2/14 12:00,47,河北新增18例确诊病例,国内-河北,疫情-新增,2020/2/14 12:10,"2020/2/14
10:08"
2020/2/13 12:00,1,湖北省委主要负责同志职务调整,国内-湖北,政府-调职,2020/2/14 11:36,"2020/2/13
11:36"
2020/2/13 12:00,2,湖北新增14840例新冠肺炎,国内-湖北,疫情-新增,2020/2/13 17:34,"2020/2/13
8:02"
2020/2/13 12:00,3,4次检测阴性第5次才确诊,国内,疫情,2020/2/13 16:36,"2020/2/13
9:52"
2020/2/13 12:00,7,运20 天河机场,国内-湖北-武汉,军队,2020/2/13 16:20,"2020/2/13
9:50"
2020/2/13 12:00,9,疑似或确诊孕产妇产检和分娩定点医院,国内,医护-定点医院,2020/2/13 13:54,"2020/2/13
7:34"
2020/2/13 12:00,10,军队增派2600名医护人员支援武汉,国内,军队,2020/2/13 15:48,"2020/2/13
10:06"
2020/2/13 12:00,11,俄外交部发言人用中文为中国加油,国外-俄罗斯,新闻,2020/2/13 14:16,"2020/2/13
8:30"
2020/2/13 12:00,14,专家福尔摩斯式破解聚集性疫情,国内,疫情,2020/2/13 13:20,"2020/2/13
7:48"
2020/2/13 12:00,15,湖北十堰张湾区实施战时管制,国内-湖北,防控-战时管制,2020/2/13 13:16,"2020/2/13
7:18"
2020/2/13 12:00,18,天津公开第三例死亡病例抢救措施,国内-天津,疫情-死亡|抢救,2020/2/13 15:26,"2020/2/13
11:14"
2020/2/13 12:00,20,95后男护士病房内带患者打太极,国内,医护,2020/2/13 14:36,"2020/2/13
9:52"
2020/2/13 12:00,21,捐赠者中华儿女,国内,群众-捐赠,2020/2/13 14:46,"2020/2/13
9:24"
2020/2/13 12:00,26,疫情期间妨害公务被判10个月,国内,群众-妨碍公务,2020/2/13 13:56,"2020/2/13
10:50"
2020/2/13 12:00,29,西藏连续14天无新增病例,国内-西藏,疫情-减少,2020/2/13 13:22,"2020/2/13
11:10"
2020/2/13 12:00,30,一条劳力士的回家路,国内,新闻,2020/2/13 13:24,"2020/2/12
22:30"
2020/2/13 12:00,33,12日新增1485人驰援湖北,国内,医护-驰援,2020/2/13 13:08,"2020/2/13
10:08"
2020/2/13 12:00,34,国务院常务会议 防止大规模裁员,国内,政府,2020/2/13 13:06,"2020/2/12
20:50"
2020/2/13 12:00,35,万万没想到这个愿望成真了,国内,教育,2020/2/13 13:12,"2020/2/12
21:52"
2020/2/13 12:00,36,世界移动通信大会取消,国内,其他,2020/2/13 13:08,"2020/2/13
9:16"
2020/2/13 12:00,37,张流波 所有消毒剂对新冠病毒都有效,国内,专家-张流波,2020/2/13 13:00,"2020/2/12
23:06"
2020/2/13 12:00,38,一人扛起一整条生产线,国内,群众-生产线,2020/2/13 12:56,"2020/2/12
21:54"
2020/2/13 12:00,42,日本芭蕾舞团唱中国国歌,国外-日本,新闻,2020/2/13 13:06,"2020/2/12
22:28"
2020/2/13 12:00,43,黑龙江316人医疗队驰援湖北孝感,国内-黑龙江,医护-驰援,2020/2/13 12:34,"2020/2/13
7:22"
2020/2/13 12:00,49,一线医护的真实工作状态,国内,医护-工作状态,2020/2/13 12:20,"2020/2/12
23:22"
2020/2/12 12:00,1,新冠病毒疫苗可能在18个月内完成,国内,疫情-疫苗,2020/2/12 15:50,"2020/2/12
7:32"
2020/2/12 12:00,4,岳云鹏 等疫情过去我请你们看相声,国内,群众-岳云鹏,2020/2/12 19:36,"2020/2/12
11:12"
2020/2/12 12:00,8,钟南山 新冠肺炎疫情有望4月前结束,国内,人物-钟南山,2020/2/12 15:30,"2020/2/12
7:08"
2020/2/12 12:00,9,出版社回应儿童刊物称果子狸可吃,国内,新闻,2020/2/12 15:12,"2020/2/12
7:32"
2020/2/12 12:00,10,全国累计确诊新冠肺炎44653例,国内,疫情-播报,2020/2/12 14:28,"2020/2/12
10:50"
2020/2/12 12:00,11,钟南山称李文亮为英雄,国内,人物-钟南山|李文亮,2020/2/12 14:14,"2020/2/12
7:24"
2020/2/12 12:00,12,患者感染程度与机体免疫状态密切相关,国内,疫情-知识,2020/2/12 14:02,"2020/2/12
9:50"
2020/2/12 12:00,13,日本邮轮确诊174例新冠肺炎,国外-日本,疫情-确诊|邮轮,2020/2/12 13:40,"2020/2/12
8:58"
2020/2/12 12:00,14,最新疫情地图,国内,疫情-地图,2020/2/12 19:48,"2020/1/25
17:12"
2020/2/12 12:00,20,奶奶每天给ICU老伴写情书,国内,其他-感情,2020/2/12 15:02,"2020/2/12
11:22"
2020/2/12 12:00,21,黑龙江32岁民警倒在抗疫一线,国内,防控-民警,2020/2/12 13:36,"2020/2/12
11:06"
2020/2/12 12:00,25,武汉方舱医院的盒饭,国内-湖北-武汉,医护-工作环境,2020/2/12 14:34,"2020/2/12
8:12"
2020/2/12 12:00,26,北京各校不得以任何形式集体上新课,国内,防控-学校,2020/2/12 13:20,"2020/2/12
9:50"
2020/2/12 12:00,27,疫情期间的硬核穿搭,国内,其他,2020/2/12 13:08,"2020/2/12
10:14"
2020/2/12 12:00,28,COVID-19,国内,疫情,2020/2/12 14:14,"2020/2/12
8:58"
2020/2/12 12:00,29,谢娜鼓励援汉医护人员,国内,群众-谢娜,2020/2/12 13:14,"2020/2/12
7:30"
2020/2/12 12:00,32,急救中心司机穿尿不湿接患者,国内,群众-司机,2020/2/12 12:58,"2020/2/12
9:52"
2020/2/12 12:00,34,法国前总理为中国加油,国外-法国,新闻,2020/2/12 14:18,"2020/2/12
11:48"
2020/2/12 12:00,35,抗疫一线护士用回形针戒指求婚,国内,其他-感情|护士,2020/2/12 13:28,"2020/2/12
10:56"
2020/2/12 12:00,36,江苏累计确诊新冠肺炎543例,国内-江苏,疫情-通报,2020/2/12 13:00,"2020/2/12
9:50"
2020/2/12 12:00,40,李兰娟防护服上写着武汉加油,国内,医护-李兰娟,2020/2/12 12:28,"2020/2/12
8:38"
2020/2/12 12:00,41,隐瞒病情患者刚出院就被拘留,国内,防控,2020/2/12 12:40,"2020/2/12
8:18"
2020/2/12 12:00,42,浙江余姚急寻密切接触者,国内-浙江,防控,2020/2/12 12:32,"2020/2/12
8:30"
2020/2/12 12:00,43,欧盟12吨防护物资正运往中国,国外-欧盟,物资,2020/2/12 12:56,"2020/2/12
11:36"
2020/2/12 12:00,46,日本街道挂标语为武汉加油,国外-日本,新闻,2020/2/12 12:34,"2020/2/12
9:38"
2020/2/12 12:00,47,火神山医院收治患者超900人,国内,医护-火神山,2020/2/12 12:18,"2020/2/12
11:38"
2020/2/12 12:00,48,COVID-19命名现场画面,国外,专家-世卫组织,2020/2/12 12:28,"2020/2/12
9:24"
2020/2/12 12:00,49,北京要严防死守坚决防止疫情蔓延,国内-北京,防控,2020/2/12 12:26,"2020/2/12
7:20"
2020/2/12 12:00,50,安徽累计确诊新冠肺炎889例,国内-安徽,疫情-通报,2020/2/12 12:02,"2020/2/12
9:50"
2020/2/11 12:00,2,北京非生活必需的娱乐室一律关闭,国内-北京,防控,2020/2/11 16:20,"2020/2/11
10:20"
2020/2/11 12:00,3,湖北省卫健委书记主任被免职,国内-湖北,政府-免职|卫健委,2020/2/11 21:46,"2020/2/11
9:06"
2020/2/11 12:00,4,全国新冠肺炎累计死亡破千,国内,疫情-通报|死亡,2020/2/11 18:08,"2020/2/11
9:56"
2020/2/11 12:00,5,学生旅客3月31前机票可免费退改签,国内,其他,2020/2/11 13:58,"2020/2/11
7:24"
2020/2/11 12:00,8,宁波驰援湖北医疗人员行李一件没少,国内-浙江-宁波,医护-驰援,2020/2/11 17:24,"2020/2/11
11:30"
2020/2/11 12:00,10,全国累计确诊新型肺炎42638例,国内,疫情-播报,2020/2/11 14:34,"2020/2/11
8:26"
2020/2/11 12:00,11,陕西一高铁保洁员确诊前曾搭20趟高铁,国内-陕西,其他,2020/2/11 14:22,"2020/2/11
7:32"
2020/2/11 12:00,12,武汉发热患者不得跨区就诊,国内-湖北-武汉,防控,2020/2/11 13:02,"2020/2/11
7:24"
2020/2/11 12:00,13,WHO专家先遣队抵达中国,国外,WHO,2020/2/11 13:32,"2020/2/11
7:24"
2020/2/11 12:00,14,严禁擅自封闭高速公路出入口,国内,防控,2020/2/11 15:36,"2020/2/11
11:40"
2020/2/11 12:00,15,最新疫情地图,国内,疫情-地图,2020/2/12 19:48,"2020/1/25
17:12"
2020/2/11 12:00,21,横店影视城2月13日起逐步复工,国内,复工,2020/2/11 18:58,"2020/2/11
11:42"
2020/2/11 12:00,22,WHO 新冠病毒不怕炎热湿润天气,国外,WHO,2020/2/11 18:16,"2020/2/11
8:10"
2020/2/11 12:00,26,方舱医院患者跳萨日朗,国内,其他,2020/2/11 15:16,"2020/2/11
9:50"
2020/2/11 12:00,27,湖北以外新增病例连降7天,国内,疫情-减少,2020/2/11 13:32,"2020/2/11
9:28"
2020/2/11 12:00,29,杭州一球队多人感染新冠肺炎,国内-浙江-杭州,疫情,2020/2/11 12:56,"2020/2/10
19:44"
2020/2/11 12:00,30,不要宣传老人捐款了,国内,其他-捐款,2020/2/11 13:28,"2020/2/11
8:10"
2020/2/11 12:00,31,百步亭,国内-湖北-武汉,其他,2020/2/11 13:06,"2020/2/11
8:50"
2020/2/11 12:00,32,西藏林芝劝返41个旅游团,国内-西藏,旅游,2020/2/11 13:46,"2020/2/11
9:10"
2020/2/11 12:00,33,口罩企业复工率已超过76%,国内,复工,2020/2/11 13:42,"2020/2/11
10:54"
2020/2/11 12:00,34,南京乘出租须实名登记,国内-江苏-南京,防控,2020/2/11 13:02,"2020/2/11
10:54"
2020/2/11 12:00,35,重要国计民生领域要立即复工复产,国内,复工,2020/2/11 13:52,"2020/2/11
11:38"
2020/2/11 12:00,36,央视记者进入武汉医院隔离区采访,国内-湖北-武汉,其他,2020/2/11 12:46,"2020/2/11
8:48"
2020/2/11 12:00,38,已启动野生动物保护法修改工作,国内,政府-野生动物保护法,2020/2/11 12:26,"2020/2/11
7:50"
2020/2/11 12:00,40,湖北累计确诊病例超3万例,国内-湖北,疫情-通报,2020/2/11 12:26,"2020/2/11
7:36"
2020/2/11 12:00,42,严格杜绝填表抗疫等形式主义,国内,防控,2020/2/11 15:14,"2020/2/11
11:52"
2020/2/11 12:00,44,企业复工要为职工配发口罩,国内,复工,2020/2/12 07:20,"2020/2/11
11:58"
2020/2/11 12:00,45,张定宇 新冠肺炎是自限性疾病,国内,专家-张定宇,2020/2/11 12:10,"2020/2/10
23:06"
2020/2/11 12:00,47,疫情过后你和你的好朋友,国内,其他,2020/2/11 12:02,"2020/2/10
20:32"
2020/2/11 12:00,50,武汉所有住宅小区实行封闭管理,国内-湖北-武汉,防控-小区|封闭,2020/2/11 12:02,"2020/2/11
1:32"
2020/2/10 12:00,1,全国累计确诊40171例新冠肺炎,国内,疫情-播报,2020/2/10 14:30,"2020/2/10
8:04"
2020/2/10 12:00,2,致84人遭隔离男子被立案侦查,国内,防控,2020/2/10 14:30,"2020/2/10
11:16"
2020/2/10 12:00,3,发改委专家 人口流动是SARS时6倍,国内,专家,2020/2/10 14:30,"2020/2/10
10:42"
2020/2/10 12:00,5,上班,国内,复工,2020/2/10 14:30,"2020/2/10
7:22"
2020/2/10 12:00,6,快递公司全面复工,国内,复工-快递,2020/2/10 14:30,"2020/2/10
10:14"
2020/2/10 12:00,7,俄罗斯硬核隔离,国外-俄罗斯,防控,2020/2/10 14:30,"2020/2/10
9:52"
2020/2/10 12:00,10,红十字会总会要求湖北彻底整改,国内,其他-红十字会,2020/2/10 14:30,"2020/2/10
11:18"
2020/2/10 12:00,13,邻居在居家隔离还能开窗吗,国内,其他,2020/2/10 13:18,"2020/2/10
8:36"
2020/2/10 12:00,14,最新疫情地图,国内,疫情-地图,2020/2/10 14:30,"2020/1/25
17:12"
2020/2/10 12:00,15,英雄机长刘传健再送战疫医疗队,国内,人物-刘传建|机长,2020/2/10 12:40,"2020/2/10
10:18"
2020/2/10 12:00,17,河南一医院院长拒戴口罩被停职,国内-河南,医护-停职,2020/2/10 14:30,"2020/2/10
11:04"
2020/2/10 12:00,21,交谈1分钟被感染,国内,新闻,2020/2/10 14:28,"2020/2/10
7:18"
2020/2/10 12:00,23,被要求戴口罩时连说16个我不戴,国内,新闻,2020/2/10 13:52,"2020/2/10
8:38"
2020/2/10 12:00,25,武软回应学生寝室被征用,国内,防控-学校,2020/2/10 14:30,"2020/2/10
7:30"
2020/2/10 12:00,26,大爷捐50万元现金给武汉,国内,群众-捐款,2020/2/10 13:04,"2020/2/10
10:58"
2020/2/10 12:00,27,你的专业可以为抗疫做什么,国内,其他,2020/2/10 14:30,"2020/2/10
11:42"
2020/2/10 12:00,28,新冠肺炎防治统一考试,国内,疫情-知识,2020/2/10 13:34,"2020/2/10
11:08"
2020/2/10 12:00,32,小区自制3.6米行人消毒棚,国内,防控-小区,2020/2/10 12:30,"2020/2/10
10:38"
2020/2/10 12:00,33,日本邮轮累计70人感染新冠肺炎,国外-日本,疫情,2020/2/10 12:18,"2020/2/10
10:20"
2020/2/10 12:00,34,丈夫陪出征武汉的妻子剃光头,国内,其他-感情,2020/2/10 12:54,"2020/2/10
11:30"
2020/2/10 12:00,36,钟南山,国内,人物-钟南山,2020/2/10 14:30,"2020/1/20
23:16"
2020/2/10 12:00,37,国际专家组组长将于今晚抵京,国外,专家-驰援,2020/2/10 13:22,"2020/2/10
11:38"
2020/2/10 12:00,41,西藏连续11天无新增病例,国内-西藏,疫情-减少,2020/2/10 12:18,"2020/2/10
11:48"
2020/2/10 12:00,42,关于新冠肺炎的8个真相,国内,疫情-知识,2020/2/10 12:12,"2020/2/10
11:32"
2020/2/10 12:00,47,俄罗斯向武汉捐赠23吨医疗物资,国外-俄罗斯,物资,2020/2/10 12:14,"2020/2/10
11:12"
2020/2/10 12:00,50,湖北以外新增病例连降6天,国内,疫情-减少,2020/2/10 12:12,"2020/2/10
11:00"
2020/2/9 12:00,1,北京公职人员不得戴N95医用口罩,国内-北京,政府,2020/2/9 12:58,"2020/2/9
10:44"
2020/2/9 12:00,2,童朝晖 新冠肺炎愈后6个月内不会再得,国内,专家-童朝晖,2020/2/9 17:20,"2020/2/9
10:18"
2020/2/9 12:00,3,医疗界四大天团会师武汉,国内-湖北-武汉,专家,2020/2/9 19:38,"2020/2/9
11:38"
2020/2/9 12:00,4,上海虹桥枢纽已发现体温异常101人,国内-上海,防控,2020/2/9 16:16,"2020/2/9
7:32"
2020/2/9 12:00,5,蒋超良 两天内检测完武汉所有疑似患者,国内-湖北-武汉,防控,2020/2/9 14:58,"2020/2/9
8:36"
2020/2/9 12:00,6,患者隐瞒病情失去最佳治疗机会去世,国内,疫情,2020/2/9 16:48,"2020/2/9
9:30"
2020/2/9 12:00,8,全国累计确诊新冠肺炎37198例,国内,疫情-播报,2020/2/9 16:26,"2020/2/9
8:38"
2020/2/9 12:00,9,女篮两连胜后大喊武汉加油,国内,新闻,2020/2/9 15:44,"2020/2/9
10:24"
2020/2/9 12:00,12,最新疫情地图,国内,疫情-地图,2020/2/10 14:30,"2020/1/25
17:12"
2020/2/9 12:00,14,重点医疗防护物资政府兜底采购收储,国内,政府-物资采购,2020/2/9 14:40,"2020/2/9
10:34"
2020/2/9 12:00,15,疾控中心专家回应气溶胶传播,国内,专家-疾控中心,2020/2/9 15:20,"2020/2/9
11:46"
2020/2/9 12:00,16,小汤圆首次核酸测试结果,国内,其他,2020/2/9 18:00,"2020/2/9
10:58"
2020/2/9 12:00,17,一线护士错过亲人求助电话,国内,医护,2020/2/9 17:00,"2020/2/9
10:28"
2020/2/9 12:00,18,英国爷爷记录疫情邮轮隔离日常,国外,疫情-隔离,2020/2/9 15:04,"2020/2/9
10:20"
2020/2/9 12:00,20,66岁重症患者8天快速康复,国内,疫情-康复,2020/2/9 14:54,"2020/2/9
10:42"
2020/2/9 12:00,21,重症患者出院后被立案调查,国内,防控,2020/2/9 16:08,"2020/2/9
11:24"
2020/2/9 12:00,23,湖北新增2147例新冠肺炎,国内-湖北,疫情-新增,2020/2/9 12:22,"2020/2/9
7:22"
2020/2/9 12:00,25,少林寺海外采购百万口罩驰援家乡,国外,物资-口罩,2020/2/9 14:56,"2020/2/9
9:20"
2020/2/9 12:00,27,火神山医院开微博,国内,医护-火神山,2020/2/9 15:48,"2020/2/9
7:42"
2020/2/9 12:00,28,河南累计确诊病例超千例,国内-河南,疫情-通报,2020/2/9 14:20,"2020/2/9
9:26"
2020/2/9 12:00,31,返岗后需要开会怎么办,国内,复工,2020/2/9 13:50,"2020/2/9
8:16"
2020/2/9 12:00,34,湖北整治6类形式主义官僚主义问题,国内-湖北,政府-整治,2020/2/9 14:38,"2020/2/8
21:30"
2020/2/9 12:00,35,安徽首例死亡病例,国内-安徽,疫情-死亡,2020/2/9 13:36,"2020/2/9
9:32"
2020/2/9 12:00,37,医护当半岁确诊患儿临时妈妈,国内,医护,2020/2/9 13:00,"2020/2/9
8:28"
2020/2/9 12:00,38,医疗队1小时自愿报名完成,国内,医护-驰援,2020/2/9 13:18,"2020/2/9
8:48"
2020/2/9 12:00,41,疫情结束后你的新目标,国内,其他,2020/2/9 13:00,"2020/2/9
7:16"
2020/2/9 12:00,45,江苏新增29例新型肺炎,国内-江苏,疫情-新增,2020/2/9 13:54,"2020/1/29
9:28"
2020/2/9 12:00,46,浙江新增27例新型肺炎,国内-浙江,疫情-新增,2020/2/9 12:00,"2020/2/9
9:40"
2020/2/8 12:00,1,出现咽拭子核酸检测三阴感染者,国内,疫情-检测,2020/2/8 18:36,"2020/2/8
10:28"
2020/2/8 12:00,2,王贺胜任湖北省委常委,国内-湖北,政府,2020/2/8 21:44,"2020/2/8
11:02"
2020/2/8 12:00,3,口罩和呼吸器全球储备不足,国外,物资-口罩|呼吸器,2020/2/8 17:22,"2020/2/8
10:22"
2020/2/8 12:00,4,黑龙江1只N95换5只一次性医用口罩,国内-黑龙江,物资-口罩,2020/2/8 15:40,"2020/2/8
7:34"
2020/2/8 12:00,5,对滞留省外的武汉市民启动返汉安排,国内,防控,2020/2/8 15:26,"2020/2/8
9:36"
2020/2/8 12:00,7,公安部交管局 尽快恢复正常通行,国内,防控-交通,2020/2/8 14:26,"2020/2/8
9:52"
2020/2/8 12:00,8,全国累计确诊新型肺炎34546例,国内,疫情-播报,2020/2/8 16:04,"2020/2/8
8:30"
2020/2/8 12:00,10,最新疫情地图,国内,疫情-地图,2020/2/10 14:30,"2020/1/25
17:12"
2020/2/8 12:00,11,湖北以外地区新增病例连降四天,国内,疫情-减少,2020/2/8 16:22,"2020/2/8
9:50"
2020/2/8 12:00,12,春节延长假期间上班先安排补休,国内,复工,2020/2/8 14:02,"2020/2/7
23:26"
2020/2/8 12:00,14,教育部要求严格管控学校校门,国内,防控-学校,2020/2/8 12:32,"2020/2/8
0:00"
2020/2/8 12:00,15,医用口罩日产量超1400万只,国内,物资-口罩,2020/2/8 14:44,"2020/2/8
10:04"
2020/2/8 12:00,19,北京现第2例死亡病例,国内-北京,疫情-死亡,2020/2/8 15:58,"2020/2/8
11:14"
2020/2/8 12:00,20,危重病人拔管后紧拉医生的手,国内,其他,2020/2/8 17:48,"2020/2/8
11:14"
2020/2/8 12:00,25,父母回忆李文亮,国内,人物-李文亮,2020/2/8 18:34,"2020/2/8
10:28"
2020/2/8 12:00,26,90后女孩建群为医生搭驿站,国内,其他,2020/2/8 15:02,"2020/2/8
11:18"
2020/2/8 12:00,29,医生感染新冠病毒自拍讲述抗争过程,国内,医护,2020/2/8 13:44,"2020/2/8
10:02"
2020/2/8 12:00,31,山东四川医疗队机场偶遇互道加油,国内,医护-驰援,2020/2/8 16:28,"2020/2/8
8:16"
2020/2/8 12:00,34,中国船员讲述在日本邮轮隔离,国外-日本,防控-隔离,2020/2/8 13:42,"2020/2/8
9:00"
2020/2/8 12:00,38,江苏新增31例新型肺炎,国内-江苏,疫情-新增,2020/2/8 13:54,"2020/2/8
10:08"
2020/2/8 12:00,39,解放军顺利运送285吨生活物资,国内,军队|物资,2020/2/8 13:06,"2020/2/8
10:08"
2020/2/8 12:00,41,日本东京奥运不会因疫情取消,国外-日本,新闻,2020/2/8 12:46,"2020/2/7
23:56"
2020/2/8 12:00,42,当前湖北疫情呈现城市向农村蔓延态势,国内-湖北,疫情,2020/2/8 17:26,"2020/2/8
11:54"
2020/2/8 12:00,45,浙江新增42例新型肺炎,国内-浙江,疫情-新增,2020/2/8 12:54,"2020/2/8
9:40"
2020/2/8 12:00,46,钟南山学生带队驰援武汉,国内,人物-钟南山,2020/2/8 19:00,"2020/2/8
12:00"
2020/2/8 12:00,48,济南一家三代6口人感染,国内-山东-济南,疫情,2020/2/8 12:42,"2020/2/7
21:08"
2020/2/8 12:00,49,湖北省委党校新校区改造为定点医疗点,国内-湖北,医护,2020/2/8 12:42,"2020/2/8
9:28"
2020/2/8 12:00,50,安徽学校2月底前不开学,国内-安徽,防控-学校,2020/2/8 12:16,"2020/2/7
23:52"
2020/2/7 12:00,1,天津一患者致973人被隔离,国内-天津,防控-隔离,2020/2/7 16:58,"2020/2/7
9:06"
2020/2/7 12:00,2,新冠肺炎患者个人负担费用财政兜底,国内,政府-财政|医疗费用,2020/2/7 18:34,"2020/2/7
11:28"
2020/2/7 12:00,3,上海个人隐瞒疫情将列入征信黑名单,国内-上海,防控,2020/2/7 16:20,"2020/2/7
11:00"
2020/2/7 12:00,4,穿山甲,国内,资讯,2020/2/7 19:58,"2020/2/7
10:04"
2020/2/7 12:00,5,北京要求疫情高发区人员暂不返京,国内-北京,防护-返京,2020/2/7 17:10,"2020/2/7
11:06"
2020/2/7 12:00,6,钻石公主号邮轮新增41例新冠肺炎,国外,疫情-新增|钻石公主号,2020/2/7 16:20,"2020/2/7
9:18"
2020/2/7 12:00,7,西藏连续8天无新增或疑似,国内-西藏,疫情-新增,2020/2/7 16:08,"2020/2/7
11:38"
2020/2/7 12:00,8,最新疫情地图,国内,疫情-地图,2020/2/10 14:30,"2020/1/25
17:12"
2020/2/7 12:00,10,全国累计确诊新型肺炎31161例,国内,疫情-播报,2020/2/7 15:50,"2020/2/7
10:36"
2020/2/7 12:00,11,胡绍任雷神山医院院长,国内-湖北-武汉,人物-胡绍,2020/2/7 15:58,"2020/2/7
10:00"
2020/2/7 12:00,13,浙江累计确诊病例破千,国内-浙江,疫情-通报,2020/2/7 16:08,"2020/2/7
10:00"
2020/2/7 12:00,15,广东累计确诊1018例,国内-广东,疫情-通报,2020/2/7 16:16,"2020/2/7
10:00"
2020/2/7 12:00,16,北京确诊和疑似新冠肺炎无须个人付费,国内-北京,政府-医疗费用,2020/2/7 16:38,"2020/2/7
11:28"
2020/2/7 12:00,18,民警组织乘客面对面建群,国内,防控-民警,2020/2/7 15:32,"2020/2/7
10:22"
2020/2/7 12:00,21,李文亮去世,国内,人物-李文亮,2020/2/7 19:10,"2020/2/7
7:46"
2020/2/7 12:00,22,钱七虎院士向武汉捐款650万,国内-湖北-武汉,人物-钱七虎,2020/2/7 17:06,"2020/2/7
11:46"
2020/2/7 12:00,25,各级财政共安排疫情防控资金667.4亿元,国内,政府-财政,2020/2/7 15:52,"2020/2/7
11:18"
2020/2/7 12:00,26,用生命预警的英雄,国内,人物-预警英雄,2020/2/7 14:08,"2020/2/6
23:30"
2020/2/7 12:00,27,南京医院用机器人发药,国内-江苏-南京,医护-无人机|发药,2020/2/7 15:56,"2020/2/7
11:32"
2020/2/7 12:00,30,湖北副省长回应武汉市民网络求助,国内-湖北-武汉,政府-网络救助|副省长,2020/2/7 14:44,"2020/2/6
22:28"
2020/2/7 12:00,31,湖北新增2447例新型肺炎,国内-湖北,疫情-新增,2020/2/7 14:16,"2020/2/7
7:20"
2020/2/7 12:00,33,秦皇岛公布2名新增确诊病例轨迹,国内-秦皇岛,疫情-病例轨迹,2020/2/7 13:24,"2020/2/7
9:30"
2020/2/7 12:00,34,南京一患者排队买烤鸭时被感染,国内-江苏-南京,疫情-新增,2020/2/7 14:00,"2020/2/6
22:22"
2020/2/7 12:00,36,钟南山谈抗病毒特效药,国内,人物-钟南山|疫情-药物,2020/2/7 13:14,"2020/2/6
21:00"
2020/2/7 12:00,37,关于新冠肺炎的30个真相,国内,疫情-新闻,2020/2/7 12:26,"2020/2/6
23:06"
2020/2/7 12:00,38,重庆累计确诊411例,国内-重庆,疫情-新增,2020/2/7 13:32,"2020/2/7
8:28"
2020/2/7 12:00,40,回家后怎么消毒,国内,防控-消毒,2020/2/7 13:38,"2020/2/6
22:24"
2020/2/7 12:00,41,呼和浩特多名公职人员被处理,国内-内蒙古-呼和浩特,政府-违纪处理|公职人员,2020/2/7 12:26,"2020/2/6
23:04"
2020/2/7 12:00,43,疫情上报第一人记大功,国内,人物-第一人,2020/2/7 12:50,"2020/2/6
19:20"
2020/2/7 12:00,45,陶勇 心中的梦,国内,人物-陶勇,2020/2/7 12:22,"2020/2/6
22:00"
2020/2/7 12:00,46,北京新增23例新型肺炎,国内-北京,疫情-新增,2020/2/7 14:00,"2020/2/7
11:54"
2020/2/7 12:00,47,雷神山医院用传递窗送药,国内-湖北-武汉,雷神山-送药|传递窗,2020/2/7 12:22,"2020/2/7
0:10"
2020/2/7 12:00,49,瑞德西韦临床试验在金银潭医院启动,国内-湖北-武汉,疫情-抗疫药物|临床试验,2020/2/7 12:18,"2020/2/7
0:14"
2020/2/6 12:00,1,停产10年口罩生产线恢复生产,国内,物资-口罩,2020/2/6 17:46,"2020/2/6
10:38"
2020/2/6 12:00,2,出门买菜未戴口罩被感染,国内,疫情-新增|口罩,2020/2/6 17:20,"2020/2/6
7:28"
2020/2/6 12:00,3,全国非湖北地区确诊病例连降两日,国内,疫情-减少,2020/2/6 16:18,"2020/2/6
8:58"
2020/2/6 12:00,4,日本邮轮累计20人感染新冠肺炎,国外-日本,疫情-邮轮|新增,2020/2/6 16:16,"2020/2/6
9:56"
2020/2/6 12:00,5,央视元宵晚会取消观众设置,国内,防控-央视|元宵节,2020/2/6 12:48,"2020/2/6
10:46"
2020/2/6 12:00,6,口罩日产量已达到1480万只,国内,物资-口罩,2020/2/6 16:04,"2020/2/6
11:28"
2020/2/6 12:00,7,全国累计确诊新型肺炎28018例,国内,疫情-播报,2020/2/6 15:52,"2020/2/6
7:58"
2020/2/6 12:00,8,儿子确诊90岁母亲陪护4天4夜,国内,疫情-陪护,2020/2/6 15:04,"2020/2/6
7:24"
2020/2/6 12:00,10,最新疫情地图,国内,疫情-地图,2020/2/10 14:30,"2020/1/25
17:12"
2020/2/6 12:00,11,医护夫妻通过声音眼神认出彼此,国内,人物-医护夫妻,2020/2/6 15:36,"2020/2/6
10:06"
2020/2/6 12:00,12,方舱医院床位多会传染吗,国内-湖北-武汉,医护-方舱|床位,2020/2/6 15:44,"2020/2/6
9:34"
2020/2/6 12:00,13,北京减免中小微企业房租,国内-北京,政府-小微企业|房租,2020/2/6 13:54,"2020/2/6
9:48"
2020/2/6 12:00,16,纸尿裤内衣工厂转做口罩,国内,物资-口罩|生产,2020/2/6 18:18,"2020/2/6
11:30"
2020/2/6 12:00,19,广东发布二号口罩令,国内-广东,政府-口罩令,2020/2/6 17:18,"2020/2/6
10:50"
2020/2/6 12:00,22,四川内江查获50余万个三无口罩,国内-四川,物资-三无口罩,2020/2/6 15:24,"2020/2/6
10:32"
2020/2/6 12:00,25,方舱医院,国内-湖北-武汉,医护-方舱,2020/2/6 16:52,"2020/2/4
8:28"
2020/2/6 12:00,26,店铺老板殴打防疫人员被拘10日,国内,防控-防疫人员|殴打,2020/2/6 14:26,"2020/2/6
10:34"
2020/2/6 12:00,28,汶川村民自发支援武汉100吨蔬菜,国内-四川-汶川,物资-蔬菜,2020/2/6 15:16,"2020/2/6
9:04"
2020/2/6 12:00,29,如果没有疫情你在,国内,疫情-自我,2020/2/6 15:06,"2020/2/6
7:22"
2020/2/6 12:00,30,武汉两个硬任务,国内-湖北-武汉,政府-抗疫任务,2020/2/6 14:36,"2020/2/6
8:34"
2020/2/6 12:00,31,贵州一女子编造防疫情谣言被拘,国内-贵州,防疫-造谣,2020/2/6 14:58,"2020/2/6
8:34"
2020/2/6 12:00,32,浙江新增59例新型肺炎,国内-浙江,疫情-新增,2020/2/6 13:14,"2020/2/6
9:28"
2020/2/6 12:00,33,河南新增87例新型肺炎,国内-河南,疫情-新增,2020/2/6 13:48,"2020/2/6
11:30"
2020/2/6 12:00,34,英国小学生用中文合唱给中国加油,国外-英国,人物-英国小学生,2020/2/6 14:06,"2020/2/6
8:28"
2020/2/6 12:00,35,河北防疫期间7人聚众赌博被拘,国内-河北,防疫-聚众赌博,2020/2/6 13:14,"2020/2/6
9:02"
2020/2/6 12:00,38,武汉首个方舱医院开始收治病人,国内-湖北-武汉,医护-方舱,2020/2/6 14:42,"2020/2/6
10:40"
2020/2/6 12:00,39,执勤民警回家蹲楼道吃饭,国内,人物-民警,2020/2/6 13:36,"2020/2/6
9:56"
2020/2/6 12:00,40,广东新增74例新型肺炎,国内-广东,疫情-新增,2020/2/6 13:08,"2020/2/6
10:02"
2020/2/6 12:00,42,江苏新增32例新型肺炎,国内-江苏,疫情-新增,2020/2/6 12:50,"2020/2/6
9:24"
2020/2/6 12:00,43,为什么还不能预判疫情拐点,国内,疫情-拐点,2020/2/6 19:22,"2020/2/6
11:58"
2020/2/6 12:00,44,肺炎一号,国内,疫情-抗疫药物,2020/2/6 20:00,"2020/2/6
11:58"
2020/2/6 12:00,45,安徽新增61例新型肺炎,国内-安徽,疫情-新增,2020/2/6 12:40,"2020/2/6
9:12"
2020/2/6 12:00,46,江西新增52例新型肺炎,国内-江西,疫情-新增,2020/2/6 12:34,"2020/2/6
9:58"
2020/2/6 12:00,47,随州一县医院多项防护物资库存为0,国内-湖北-随州,医护-物资,2020/2/6 12:20,"2020/2/6
8:52"
2020/2/6 12:00,49,火神山医院患者吃些什么,国内-湖北-武汉,火神山-患者饮食,2020/2/6 12:38,"2020/2/5
20:48"
2020/2/5 12:00,1,全国累计确诊新型肺炎24324例,国内,疫情-播报,2020/2/6 07:24,2020/2/5 08:18
2020/2/5 12:00,2,患者隐瞒情况致68名医务人员被隔离,国内,疫情-医务人员,2020/2/5 18:44,"2020/2/5
10:40"
2020/2/5 12:00,4,李兰娟每天只睡3小时,国内,专家-李兰娟,2020/2/5 17:20,"2020/2/5
9:24"
2020/2/5 12:00,5,首架俄罗斯军机飞抵武汉,国外-俄罗斯,物资-飞机,2020/2/5 17:16,"2020/2/5
9:10"
2020/2/5 12:00,7,最新疫情地图,国内,疫情-地图,2020/2/10 14:30,"2020/1/25
17:12"
2020/2/5 12:00,8,天津首例死亡病例,国内-天津,疫情-死亡病例,2020/2/5 14:30,"2020/2/5
11:40"
2020/2/5 12:00,9,寻504个车次航班同行乘客,国内,疫情-航班|车次,2020/2/5 15:44,"2020/2/5
9:58"
2020/2/5 12:00,10,日本载3700人邮轮被隔离,国外-日本,疫情-邮轮,2020/2/5 19:44,"2020/2/5
11:44"
2020/2/5 12:00,11,男子武汉返乡却谎称菲律宾回来,国内-湖北-武汉,新闻-撒谎男子,2020/2/5 17:50,"2020/2/5
9:08"
2020/2/5 12:00,12,广东新增73例新型肺炎,国内-广东,疫情-新增,2020/2/5 14:18,"2020/2/5
10:44"
2020/2/5 12:00,13,北京卫健委 建议适当延缓非急诊手术,国内-北京,卫健委|手术,2020/2/5 14:40,"2020/2/5
7:28"
2020/2/5 12:00,14,全国调配1000名ICU护士,国内,医护-ICU护士|支援,2020/2/5 15:02,"2020/2/5
7:22"
2020/2/5 12:00,15,河南新增89例新型肺炎,国内-河南,疫情-新增,2020/2/5 13:20,"2020/2/5
9:16"
2020/2/5 12:00,16,团购5万只口罩一撕就碎,国内,物资-口罩,2020/2/5 19:58,"2020/2/5
10:48"
2020/2/5 12:00,19,女子多次隐瞒疫情发生地行程被立案,国内,疫情-隐瞒行程|立案,2020/2/5 15:08,"2020/2/5
9:22"
2020/2/5 12:00,20,戴口罩不勒耳朵的方法,国内,防控-口罩,2020/2/5 18:06,"2020/2/5
10:54"
2020/2/5 12:00,22,男子出门戴十几层口罩,国内,防控-口罩,2020/2/5 17:22,"2020/2/5
8:10"
2020/2/5 12:00,23,世卫组织总干事讲话时干咳,国外,WHO-总干事|干咳,2020/2/5 17:18,"2020/2/5
9:48"
2020/2/5 12:00,25,齐齐哈尔肺炎疫情,国内-黑龙江-齐齐哈尔,疫情-新闻,2020/2/5 17:36,"2020/2/5
10:14"
2020/2/5 12:00,30,假如一觉醒来疫情消失了,国内,疫情-消失,2020/2/6 07:36,"2020/2/5
7:26"
2020/2/5 12:00,32,国内年龄最小新型肺炎患者,国内,疫情-最小患者,2020/2/5 14:58,"2020/2/5
8:50"
2020/2/5 12:00,33,浙江龙港一民房坍塌致2死8伤,国内-浙江-龙港,新闻-民房坍塌,2020/2/5 13:52,"2020/2/5
9:56"
2020/2/5 12:00,34,山东新增23例新型肺炎,国内-山东,疫情-新增,2020/2/5 12:48,"2020/2/5
10:16"
2020/2/5 12:00,35,网民编造解放军进城全面接管被刑拘,国内,疫情-造谣|网民,2020/2/5 13:12,"2020/2/5
9:16"
2020/2/5 12:00,37,居家消毒液怎么选,国内,防控-知识,2020/2/5 14:50,"2020/2/5
8:36"
2020/2/5 12:00,38,瑞德西韦,国内,医护-抗疫药物,2020/2/7 08:26,"2020/2/5
10:44"
2020/2/5 12:00,39,浙江新增66例新型肺炎,国内-浙江,疫情-新增,2020/2/5 12:30,"2020/2/5
9:48"
2020/2/5 12:00,40,提前复工老板拘留5天,国内,复工-违规,2020/2/5 12:40,"2020/2/4
23:46"
2020/2/5 12:00,41,武汉方舱医院增至11家,国内-湖北-武汉,医护-方舱,2020/2/5 13:00,"2020/2/5
9:26"
2020/2/5 12:00,44,9岁女孩画抗疫漫画,国内,人物-抗疫漫画,2020/2/5 15:02,"2020/2/5
11:52"
2020/2/5 12:00,45,全国累计治愈出院892例,国内,疫情-减少|疫情-治愈,2020/2/5 13:58,"2020/2/5
8:34"
2020/2/5 12:00,46,寻找染病车船飞机乘客,国内,疫情-染病乘客,2020/2/5 12:12,"2020/1/27
12:16"
2020/2/5 12:00,50,黑龙江新增35例新型肺炎,国内-黑龙江,疫情-新增,2020/2/5 12:02,"2020/2/5
9:48"
2020/2/4 12:00,2,贵州1个月女婴确诊新型肺炎,国内-广西-贵州,疫情-女婴,2020/2/4 19:36,"2020/2/4
11:36"
2020/2/4 12:00,3,香港首例死亡病例,国内-香港,疫情-死亡病例|首例,2020/2/4 18:18,"2020/2/4
11:14"
2020/2/4 12:00,4,为什么现在还没到出门的时候,国内,疫情-出门,2020/2/4 21:08,"2020/2/4
11:00"
2020/2/4 12:00,6,不主张没得病的人用双黄连预防,国内,防控-双黄连,2020/2/4 14:52,"2020/2/4
10:58"
2020/2/4 12:00,7,杜富国妹妹坚守抗疫一线,国内,人物-抗疫人员,2020/2/4 15:44,"2020/2/4
11:06"
2020/2/4 12:00,8,全国累计确诊新型肺炎20438例,国内,疫情-播报,2020/2/4 15:10,"2020/2/4
8:14"
2020/2/4 12:00,11,最新疫情地图,国内,疫情-地图,2020/2/10 14:30,"2020/1/25
17:12"
2020/2/4 12:00,12,李兰娟说坐电梯不必戴手套,国内,防控-手套,2020/2/4 15:06,"2020/2/4
8:24"
2020/2/4 12:00,13,广东新增确诊病例114例,国内-广东,疫情-新增,2020/2/4 16:04,"2020/2/4
10:32"
2020/2/4 12:00,14,湖北以外地区有序逐渐恢复交通,国内,资讯-交通恢复,2020/2/4 14:24,"2020/2/4
8:16"
2020/2/4 12:00,15,武汉全市开展消毒杀菌,国内-湖北-武汉,防控-消毒杀菌,2020/2/4 14:46,"2020/2/4
8:16"
2020/2/4 12:00,16,阿婆攒9000元欲捐武汉被拒大哭,国内,人物-捐赠阿婆,2020/2/4 20:02,"2020/2/4
11:28"
2020/2/4 12:00,23,疑似感染医生奔跑为物资车引路,国内,物资-医生,2020/2/4 12:24,"2020/2/4
8:44"
2020/2/4 12:00,24,河北承德公布确诊病例行程轨迹,国内-河北-承德,疫情-行程轨迹,2020/2/4 15:24,"2020/2/4
11:46"
2020/2/4 12:00,25,内蒙古回应住确诊病例楼上被感染,国内-内蒙古,政府-回应,2020/2/4 12:20,"2020/2/4
10:52"
2020/2/4 12:00,27,确诊老人隐瞒致百余人密切接触,国内,疫情-隐瞒老人,2020/2/4 12:20,"2020/2/4
7:26"
2020/2/4 12:00,29,湖南长沙4名确诊患者集体出院,国内-湖南-长沙,疫情-治愈|疫情-减少,2020/2/4 15:14,"2020/2/4
11:46"
2020/2/4 12:00,30,杭州所有村庄小区单位封闭式管理,国内-浙江-杭州,防控-封闭管理,2020/2/4 12:28,"2020/2/4
8:46"
2020/2/4 12:00,33,方舱医院,国内-湖北-武汉,医护-方舱,2020/2/6 16:52,"2020/2/4
8:28"
2020/2/4 12:00,35,浙江新增确诊病例105例,国内-浙江,疫情-新增,2020/2/4 14:06,"2020/2/4
9:38"
2020/2/4 12:00,37,河南新增109例确诊病例,国内-河南,疫情-新增,2020/2/4 13:48,"2020/2/4
9:04"
2020/2/4 12:00,38,安徽新增确诊病例72例,国内-安徽,疫情-新增,2020/2/4 13:24,"2020/2/4
11:10"
2020/2/4 12:00,40,上海新增5例确诊病例,国内-上海,疫情-新增,2020/2/4 13:14,"2020/2/4
10:44"
2020/2/4 12:00,41,江西新增确诊病例85例,国内-江西,疫情-新增,2020/2/4 13:24,"2020/2/4
10:22"
2020/2/4 12:00,42,海南最小感染者仅3个月,国内-海南,疫情-最小感染者,2020/2/4 12:08,"2020/2/4
7:36"
2020/2/4 12:00,43,江苏新增确诊病例37例,国内-江苏,疫情-新增,2020/2/4 13:16,"2020/2/4
9:12"
2020/2/4 12:00,44,武汉洪山体育馆800张病床就位,国内-湖北-武汉,医护-床位,2020/2/4 17:20,"2020/2/4
11:58"
2020/2/4 12:00,45,中山11月大婴儿治愈出院,国内-广东-中山,疫情-治愈,2020/2/4 15:08,"2020/2/4
11:58"
2020/2/4 12:00,46,火神山医院转运病人现场,国内-湖北-武汉,火神山-转运,2020/2/4 12:08,"2020/2/4
7:38"
2020/2/4 12:00,47,杭州非涉及生活必需公共场所一律关闭,国内-浙江-杭州,防控-关闭场所,2020/2/4 13:02,"2020/2/4
8:04"
2020/2/4 12:00,50,湖北新增2345例确诊病例,国内-湖北,疫情-新增,2020/2/4 12:30,"2020/2/4
7:38"
2020/2/3 12:00,2,核酸检测试剂产量是疑似患者40倍,国内,物资-检测剂,2020/2/3 19:14,"2020/2/3
11:16"
2020/2/3 12:00,3,确诊病例门把手测出病毒核酸,国内,疫情-门把手|病毒,2020/2/3 20:28,"2020/2/3
11:32"
2020/2/3 12:00,4,武汉家中滞留宠物救援,国内-湖北-武汉,新闻-宠物救援,2020/2/3 17:18,"2020/2/3
9:56"
2020/2/3 12:00,5,市民逃生时还不忘戴上口罩,国内,新闻-口罩,2020/2/3 17:58,"2020/2/3
8:34"
2020/2/3 12:00,7,排爆可疑包裹发现里面是口罩,国内,新闻-口罩,2020/2/3 16:10,"2020/2/3
8:50"
2020/2/3 12:00,8,全国累计确诊新型肺炎17205例,国内,疫情-播报,2020/2/3 14:54,"2020/2/3
8:16"
2020/2/3 12:00,9,发改委回应口罩紧缺问题,国内,政府-口罩,2020/2/4 10:08,"2020/2/3
11:20"
2020/2/3 12:00,10,深圳一新增患者为外卖骑手,国内-广东-深圳,疫情-外卖骑手患者,2020/2/3 19:02,"2020/2/3
10:42"
2020/2/3 12:00,11,口罩全国日产2000多万只,国内,物资-口罩产量,2020/2/3 18:24,"2020/2/3
11:00"
2020/2/3 12:00,12,金银潭医院院长说坐轮椅前想多做点事,国内-湖北-武汉,人物-院长|金银潭医院,2020/2/3 14:44,"2020/2/3
9:42"
2020/2/3 12:00,13,最新疫情地图,国内,疫情-地图,2020/2/10 14:30,"2020/1/25
17:12"
2020/2/3 12:00,15,火神山医院不设门诊,国内-湖北-武汉,火神山-门诊,2020/2/3 15:24,"2020/2/3
7:34"
2020/2/3 12:00,20,解放军承担武汉市民物资配送供应,国内-湖北-武汉,物资-解放军,2020/2/3 16:52,"2020/2/3
11:34"
2020/2/3 12:00,22,济南大哥放下500斤消毒原液后离开,国内-山东-济南,物资-消毒原液|捐赠,2020/2/3 14:32,"2020/2/3
8:34"
2020/2/3 12:00,25,湖北确诊病例破万,国内-湖北,疫情-新增,2020/2/3 14:44,"2020/2/3
7:38"
2020/2/3 12:00,26,火神山医院内部,国内-湖北-武汉,火神山-医院,2020/2/3 17:20,"2020/2/3
8:58"
2020/2/3 12:00,27,开工大吉,国内,复工-新闻,2020/2/10 11:20,"2020/2/3
9:30"
2020/2/3 12:00,28,金银潭医院院长真实故事改编漫画,国内-湖北-武汉,人物-院长|金银潭医院,2020/2/3 14:38,"2020/2/3
9:42"
2020/2/3 12:00,30,广东新增79例确诊病例,国内,疫情-新增,2020/2/3 14:48,"2020/2/3
10:26"
2020/2/3 12:00,36,疫情期间人际交往有多难,国内,疫情-人际交往,2020/2/3 13:32,"2020/2/3
7:34"
2020/2/3 12:00,39,安徽新增68例确诊病例,国内,疫情-新增,2020/2/3 12:42,"2020/2/3
10:26"
2020/2/3 12:00,41,钟南山称疑似病例自行隔离非常危险,国内,防控-自行隔离|人物-钟南山,2020/2/3 12:56,"2020/2/2
22:48"
2020/2/3 12:00,42,千份爱心外卖送武汉雷神山医院,国内-湖北-武汉,雷神山-爱心外卖,2020/2/3 15:08,"2020/2/3
11:50"
2020/2/3 12:00,43,口罩等物资需求缺口还很大,国内,物资-缺口|口罩,2020/2/3 12:30,"2020/2/3
11:50"
2020/2/3 12:00,44,武汉定点医院病床剩余情况,国内-湖北-武汉,医护-床位,2020/2/3 16:10,"2020/2/3
12:00"
2020/2/3 12:00,47,浙江新增63例确诊病例,国内,疫情-新增,2020/2/3 13:36,"2020/2/3
9:28"
2020/2/3 12:00,48,驻鄂部队50台卡车运送200吨物资,国内,物资-驻鄂部队|卡车,2020/2/3 12:14,"2020/2/3
8:12"
2020/2/3 12:00,50,河南新增73例确诊病例,国内-河南,疫情-新增,2020/2/3 12:08,"2020/2/3
9:20"
2020/2/2 12:00,1,最早发现疫情的武汉女医生,国内-湖北-武汉,人物-医生,2020/2/2 20:50,"2020/2/2
11:00"
2020/2/2 12:00,2,哈尔滨春节聚餐致多人感染,国内-黑龙江-哈尔滨,疫情-春节聚餐,2020/2/2 20:20,"2020/2/2
11:28"
2020/2/2 12:00,3,卫星图看武汉今昔对比,国内-湖北-武汉,资讯-卫星图,2020/2/2 17:38,"2020/2/2
9:32"
2020/2/2 12:00,4,N95口罩 KN95口罩,国内,物资-N95|KN95,2020/2/2 13:34,"2020/2/2
10:12"
2020/2/2 12:00,5,救治成功率高于甲流和禽流感,国内,疫情-救治率-甲流|禽流感,2020/2/2 17:06,"2020/2/2
9:30"
2020/2/2 12:00,6,确诊患者粪便中检出病毒RNA阳性,国内,疫情-粪便|病毒,2020/2/2 15:04,"2020/2/2
7:30"
2020/2/2 12:00,8,多所高校派医护人员驰援武汉,国内,医护-医护人员|高校,2020/2/2 17:30,"2020/2/2
11:30"
2020/2/2 12:00,9,最新疫情地图,国内,疫情-地图,2020/2/10 14:30,"2020/1/25
17:12"
2020/2/2 12:00,10,无权阻止无症状返北京人员进社区,国内-北京,复工-返北京|进社区,2020/2/2 14:30,"2020/2/2
11:12"
2020/2/2 12:00,11,韩红,国内,人物-韩红|慈善,2020/2/4 16:28,"2020/1/26
10:44"
2020/2/2 12:00,13,目前没有新型冠状病毒变异证据,国内,疫情-变异,2020/2/2 14:32,"2020/2/2
11:12"
2020/2/2 12:00,14,全国累计确诊新型肺炎14380例,国内,疫情-播报,2020/2/2 14:58,"2020/2/2
8:46"
2020/2/2 12:00,15,中国红十字会总会派工作组赴湖北武汉,国内,红十字会-工作组,2020/2/2 14:58,"2020/2/2
7:44"
2020/2/2 12:00,16,各地复工复课时间表,国内,复工|复课-时间表,2020/2/2 20:48,"2020/2/2
11:28"
2020/2/2 12:00,21,儿童要佩戴专用的一次性口罩,国内,防控-儿童|口罩,2020/2/2 14:58,"2020/2/2
8:30"
2020/2/2 12:00,22,上海药物研究所声明,国内-上海,防控-药物,2020/2/2 13:14,"2020/2/2
10:38"
2020/2/2 12:00,23,李兰娟院士带队抵达武汉,国内,人物-李兰娟,2020/2/2 13:58,"2020/2/2
10:38"
2020/2/2 12:00,24,武汉金银潭医院接受社会捐赠公告,国内-湖北-武汉,捐赠-金银潭医院,2020/2/2 17:28,"2020/2/2
11:30"
2020/2/2 12:00,25,专家提醒注意消化系统传播风险,国内,防护-消化系统,2020/2/2 17:48,"2020/2/2
11:44"
2020/2/2 12:00,26,菲律宾出现首例死亡病例,国外-菲律宾,疫情-死亡病例,2020/2/2 17:30,"2020/2/2
11:42"
2020/2/2 12:00,31,河北一区委书记因控疫不力被问责,国内-河北,政府-问责,2020/2/2 17:26,"2020/2/2
11:48"
2020/2/2 12:00,32,山东累计确诊病例225例,国内-山东,疫情-新增,2020/2/2 14:28,"2020/2/2
10:20"
2020/2/2 12:00,33,空军8架大型运输机抵达武汉,国内-湖北-武汉,物资-军队|运输机,2020/2/2 18:22,"2020/2/2
11:48"
2020/2/2 12:00,35,江苏新增34例确诊病例,国内-江苏,疫情-新增,2020/2/2 13:24,"2020/2/2
10:58"
2020/2/2 12:00,38,四川新增24例确诊病例,国内-四川,疫情-新增,2020/2/2 13:18,"2020/2/2
10:30"
2020/2/2 12:00,39,湖北新增1921例确诊病例,国内-湖北,疫情-新增,2020/2/2 12:50,"2020/2/2
7:44"
2020/2/2 12:00,40,浙江新增62例确诊病例,国内-浙江,疫情-新增,2020/2/2 12:44,"2020/2/2
10:38"
2020/2/2 12:00,41,医用口罩信息可网上查询,国内,便民-口罩信息,2020/2/2 13:14,"2020/2/2
7:44"
2020/2/2 12:00,42,湖南4人防控疫情不力被停职,国内-湖南,防控-停职,2020/2/2 18:40,"2020/2/2
11:52"
2020/2/2 12:00,44,可直接与武汉医院对接捐赠,国内-湖北-武汉,捐赠-武汉医院,2020/2/2 12:34,"2020/2/2
7:04"
2020/2/2 12:00,47,美国发现第8名感染病人,国外-美国,疫情-新增,2020/2/2 12:30,"2020/2/2
8:30"
2020/2/1 12:00,1,请勿抢购自行服用双黄连口服液,国内,防控-双黄连,2020/2/1 16:48,"2020/2/1
7:58"
2020/2/1 12:00,2,重庆首例死亡病例,国内-重庆,疫情-死亡病例,2020/2/1 18:10,"2020/2/1
11:24"
2020/2/1 12:00,4,红十字会,国内,红十字会,2020/2/2 07:40,"2020/2/1
8:36"
2020/2/1 12:00,5,武汉小姐姐每天给医院做饭800份,国内-湖北-武汉,人物-武汉小姐姐,2020/2/1 16:54,"2020/2/1
8:56"
2020/2/1 12:00,6,总台记者探访武汉红十字会,国内-湖北-武汉,红十字会-记者,2020/2/2 06:38,"2020/2/1
9:54"
2020/2/1 12:00,7,全国累计确诊新型肺炎11791例,国内,疫情-播报,2020/2/2 07:30,"2020/2/1
8:22"
2020/2/1 12:00,8,黄冈市华家河镇书记镇长被免职,国内-湖北-黄冈,免职-书记|镇长,2020/2/1 16:16,"2020/2/1
10:30"
2020/2/1 12:00,9,抗击埃博拉女军医再次驰援湖北,国内,人物-女军医,2020/2/1 13:36,"2020/2/1
9:02"
2020/2/1 12:00,10,双黄莲蓉月饼 双黄连,国内,新闻-双黄连,2020/2/1 14:28,"2020/2/1
7:46"
2020/2/1 12:00,11,韩红谈慈善,国内,人物-韩红|慈善,2020/2/1 13:28,"2020/2/1
9:48"
2020/2/1 12:00,12,丁香园,国内,组织-丁香园,2020/2/1 16:54,"2020/2/1
7:22"
2020/2/1 12:00,13,最新疫情地图,国内,疫情-地图,2020/2/10 14:30,"2020/1/25
17:12"
2020/2/1 12:00,15,杭州红十字会收支每日公布,国内-浙江-杭州,红十字会-收支公布,2020/2/2 06:32,"2020/2/1
11:22"
2020/2/1 12:00,17,疫情结束前不要和家人吵架,国内,疫情-家人,2020/2/1 18:02,"2020/2/1
10:04"
2020/2/1 12:00,18,隐瞒发热症状被立案侦查,国内,疫情-立案侦查,2020/2/1 16:58,"2020/2/1
11:38"
2020/2/1 12:00,20,戴上口罩后的颜值变化,国内,防控-颜值|口罩,2020/2/1 18:34,"2020/2/1
8:18"
2020/2/1 12:00,24,湖南延迟企业复工和学校开学,国内-湖南,复工|复学-延迟,2020/2/1 17:02,"2020/2/1
7:40"
2020/2/1 12:00,25,市民深夜排百米长队买双黄连,国内,新闻-双黄连,2020/2/1 14:52,"2020/2/1
9:52"
2020/2/1 12:00,26,外交部回应美不友善言论,国内,政府-外交部,2020/2/1 13:42,"2020/2/1
8:42"
2020/2/1 12:00,27,上海药物所回应,国内,防控-药物所,2020/2/1 16:32,"2020/2/1
7:40"
2020/2/1 12:00,28,热干面糯米饭加油,国内,新闻-热干面,2020/2/1 15:14,"2020/2/1
9:36"
2020/2/1 12:00,29,广东新增127例新型肺炎病例,国内,疫情-新增,2020/2/1 15:10,"2020/2/1
11:00"
2020/2/1 12:00,30,山东新增18例确诊病例,国内,疫情-新增,2020/2/1 13:52,"2020/2/1
11:16"
2020/2/1 12:00,32,滞留海外湖北籍同胞回国瞬间,国内,新闻-回国,2020/2/1 17:08,"2020/2/1
11:40"
2020/2/1 12:00,34,四川新增30例新型肺炎病例,国内,疫情-新增,2020/2/1 15:06,"2020/2/1
10:52"
2020/2/1 12:00,39,河南新增70例确诊病例,国内,疫情-新增,2020/2/1 13:20,"2020/2/1
10:28"
2020/2/1 12:00,41,德国首起家庭成员间感染病例,国外-德国,疫情-家庭感染,2020/2/1 12:50,"2020/2/1
9:58"
2020/2/1 12:00,42,陕西新增15例新型肺炎病例,国内-陕西,疫情-新增,2020/2/1 12:24,"2020/2/1
11:34"
2020/2/1 12:00,43,西安延迟复工,国内-陕西-西安,复工,2020/2/1 14:30,"2020/2/1
11:50"
2020/2/1 12:00,44,双黄连可抑制新型冠状病毒,国内,疫情-双黄连,2020/2/1 14:22,"2020/1/31
23:10"
2020/2/1 12:00,46,武汉蔬菜存量3.44万吨,国内-湖北-武汉,物资-蔬菜,2020/2/1 12:50,"2020/1/31
23:50"
2020/2/1 12:00,49,天津延期复工开学,国内-天津,复工-开学,2020/2/1 12:14,"2020/2/1
10:30"
2020/1/31 12:00,1,中国决定派包机接海外湖北公民回家,国内-湖北,政府,2020/1/31 18:52,"2020/1/31
11:24"
2020/1/31 12:00,2,全国累计确诊9692例,国内-湖北-武汉,疫情-播报,2020/1/31 13:20,"2020/1/31
8:28"
2020/1/31 12:00,3,疾控中心回应发表论文,国内-湖北-武汉,资讯-疾控中心,2020/1/31 17:44,"2020/1/31
10:34"
2020/1/31 12:00,5,最新疫情地图,国内-湖北-武汉,疫情-地图,2020/2/10 14:30,"2020/1/25
17:12"
2020/1/31 12:00,6,重庆飞南通航班83人被医学观察,国内-重庆,疫情-新增,2020/1/31 17:22,"2020/1/31
9:00"
2020/1/31 12:00,7,浙江新增109例新型肺炎,国内-浙江,疫情-新增,2020/1/31 18:38,"2020/1/31
10:24"
2020/1/31 12:00,8,世界卫生组织,国外,WHO,2020/1/31 17:22,"2020/1/30
8:04"
2020/1/31 12:00,10,河北企业复工不早于2月9日,国内-河北,复工,2020/1/31 17:06,"2020/1/31
8:30"
2020/1/31 12:00,12,14日T156和K1454次乘客,国内,防控-溯源,2020/1/31 16:54,"2020/1/31
8:46"
2020/1/31 12:00,13,官方通报火神山医院冲突,国内-湖北-武汉,医护-火神山,2020/1/31 15:46,"2020/1/30
23:36"
2020/1/31 12:00,14,河南新增74例新型肺炎,国内-河南,疫情-新增,2020/1/31 17:46,"2020/1/31
10:06"
2020/1/31 12:00,15,湖北新增1220例,国内-湖北,疫情-新增,2020/1/31 19:22,"2020/1/31
8:36"
2020/1/31 12:00,17,美国出现首例人传人病例,国外-美国,疫情-新增,2020/1/31 18:28,"2020/1/31
7:54"
2020/1/31 12:00,19,意大利首次确诊两例病例,国外-意大利,疫情-新增,2020/1/31 18:12,"2020/1/31
9:02"
2020/1/31 12:00,20,陕西新增24例新型肺炎,国内-陕西,疫情-新增,2020/1/31 18:00,"2020/1/31
11:34"
2020/1/31 12:00,21,一企业30人开会11人传染,国内,疫情-新增,2020/1/31 14:42,"2020/1/30
21:20"
2020/1/31 12:00,23,安徽新增37例新型肺炎,国内-安徽,疫情-新增,2020/1/31 17:38,"2020/1/31
10:38"
2020/1/31 12:00,26,湖北省委书记回应一床难求,国内-湖北,医护-床位,2020/1/31 14:42,"2020/1/30
23:38"
2020/1/31 12:00,27,黄冈卫健委主任唐志红被免职,国内-湖北-黄冈,政府-问责|卫健委,2020/1/31 14:44,"2020/1/30
22:06"
2020/1/31 12:00,28,你见过最硬核的口罩,国内,物资-口罩,2020/1/31 15:50,"2020/1/30
19:52"
2020/1/31 12:00,29,疫情防控物资企业复工复产,国内,复工,2020/2/1 00:10,"2020/1/30
21:56"
2020/1/31 12:00,31,疫情过后你最想见的人,国内,资讯,2020/1/31 16:58,"2020/1/30
21:46"
2020/1/31 12:00,33,河南复工期限推迟,国内-河南,复工,2020/1/31 19:56,"2020/1/31
11:52"
2020/1/31 12:00,36,当武汉物资运输车经过收费站,国内-湖北-武汉,物资,2020/1/31 14:22,"2020/1/30
22:24"
2020/1/31 12:00,38,火神山现场,国内-湖北-武汉,医护-火神山,2020/1/31 15:06,"2020/1/30
22:44"
2020/1/31 12:00,39,北京由输入期向扩散期过渡,国内-北京,疫情-新增,2020/1/31 13:14,"2020/1/30
20:44"
2020/1/31 12:00,40,湖北累计收到捐赠物资615.43万件,国内-湖北,物资-捐赠,2020/1/31 15:32,"2020/1/30
23:24"
2020/1/31 12:00,43,查扣假冒伪劣口罩38万余只,国内,物资-口罩,2020/1/31 13:04,"2020/1/30
19:38"
2020/1/31 12:00,44,返程后如何做好个人防护,国内,复工,2020/1/31 13:38,"2020/1/30
21:40"
2020/1/31 12:00,45,湖北松滋市委书记黄祥龙疑似感染,国内-湖北-松滋,疫情-新增,2020/1/31 12:28,"2020/1/30
21:06"
2020/1/31 12:00,48,上海医疗专家组长回应党员上一线,国内-上海,医护,2020/1/31 12:18,"2020/1/30
21:10"
2020/1/31 12:00,49,黄冈卫健委,国内-湖北-黄冈,卫健委,2020/1/31 12:22,"2020/1/30
18:18"
2020/1/30 12:00,2,女军医摘下口罩后落泪,国内,资讯,2020/1/30 19:32,"2020/1/30
11:00"
2020/1/30 12:00,3,宠物接触到疫情也需隔离,国内,资讯,2020/1/30 16:28,"2020/1/30
10:12"
2020/1/30 12:00,4,全国累计确诊新型肺炎7711例,国内,疫情-播报,2020/1/30 16:18,"2020/1/30
8:04"
2020/1/30 12:00,5,感染者向他人吐口水或追刑责,国内,政府-问责,2020/1/30 15:02,"2020/1/30
9:42"
2020/1/30 12:00,6,2月底日产口罩1.8亿只,国内,物资-口罩,2020/1/30 16:28,"2020/1/30
9:34"
2020/1/30 12:00,7,最新疫情地图,国内,疫情-地图,2020/2/10 14:30,"2020/1/25
17:12"
2020/1/30 12:00,8,顺丰回应快递员拦截包裹卖口罩,国内,物资-口罩,2020/1/30 15:14,"2020/1/30
7:28"
2020/1/30 12:00,9,首批包机返日本人员查出3例确诊病例,国外-日本,疫情-新增,2020/1/30 14:50,"2020/1/30
9:22"
2020/1/30 12:00,10,雷神山医院全部通电,国内-湖北-武汉,医护-雷神山,2020/1/30 14:56,"2020/1/30
7:30"
2020/1/30 12:00,11,西藏确诊首例新型肺炎,国内-西藏,新闻,2020/1/30 15:32,"2020/1/30
8:16"
2020/1/30 12:00,13,浙江新增132例新型肺炎,国内-浙江,新闻,2020/1/30 13:56,"2020/1/30
9:32"
2020/1/30 12:00,14,武汉首例高龄重症病人康复出院,国内-湖北-武汉,新闻,2020/1/30 12:58,"2020/1/30
9:12"
2020/1/30 12:00,15,疫情仍处于扩散阶段,国内,疫情-扩散,2020/2/2 13:38,"2020/1/29
23:02"
2020/1/30 12:00,17,医院用机器人给病人送药,国内,医护-机器人,2020/1/31 10:24,"2020/1/30
11:14"
2020/1/30 12:00,18,北京将严惩隐瞒疫情等失职犯罪,国内-北京,政府-问责,2020/1/30 14:14,"2020/1/30
10:52"
2020/1/30 12:00,22,山东复工时间,国内-山东,复工,2020/1/30 15:46,"2020/1/30
8:14"
2020/1/30 12:00,25,世界卫生组织,国外,WHO,2020/1/31 17:22,"2020/1/30
8:04"
2020/1/30 12:00,28,西藏拉萨寻同车乘客,国内-西藏,疫情-溯源,2020/1/30 13:38,"2020/1/30
9:14"
2020/1/30 12:00,29,北京新增3例新型肺炎,国内-北京,疫情-新增,2020/1/30 13:14,"2020/1/30
11:34"
2020/1/30 12:00,33,湖南新增56例新型肺炎,国内-湖难,疫情-新增,2020/1/30 13:38,"2020/1/30
10:00"
2020/1/30 12:00,36,福建新增17例新型肺炎,国内-福建,疫情-新增,2020/1/30 13:42,"2020/1/30
10:34"
2020/1/30 12:00,37,全国确诊新型肺炎病例,国内,疫情-确诊,2020/1/30 14:02,"2020/1/22
23:26"
2020/1/30 12:00,40,芬兰确诊首例病例,国外-芬兰,疫情-新增,2020/1/30 12:40,"2020/1/30
7:22"
2020/1/30 12:00,41,隔离日记,国内,资讯-隔离,2020/1/30 12:36,"2020/1/30
8:10"
2020/1/30 12:00,42,雷神山医院规模扩大,国内-湖北-武汉,医护-雷神山,2020/1/30 12:46,"2020/1/30
9:16"
2020/1/30 12:00,43,防疫横幅土味文案,国内,防控-横幅,2020/1/30 13:30,"2020/1/30
8:22"
2020/1/30 12:00,44,安徽新增48例新型肺炎,国内-安徽,疫情-新增,2020/1/30 12:42,"2020/1/30
9:06"
2020/1/30 12:00,45,汕头确诊病例中11例为家庭聚集性病例,国内-广东-汕头,疫情-扩散,2020/1/30 15:56,"2020/1/30
11:52"
2020/1/30 12:00,46,北京取消2月2日办理结婚登记,国内-北京,政府-政策,2020/1/30 16:40,"2020/1/30
12:00"
2020/1/30 12:00,47,疫情拐点将出现,国内,疫情-拐点,2020/1/30 12:16,"2020/1/29
20:10"
2020/1/30 12:00,49,中国女足在澳洲被隔离14天,国外-澳大利亚,资讯-隔离,2020/1/30 12:24,"2020/1/29
23:10"
2020/1/30 12:00,50,云南新增15例新型肺炎,国内-云南,疫情-新增,2020/1/30 12:22,"2020/1/30
11:18"
2020/1/29 12:00,1,新型肺炎确诊人数超过非典,国内,资讯-确诊,2020/1/29 19:00,"2020/1/29
10:34"
2020/1/29 12:00,2,陕西出现一名3岁确诊患者,国内-陕西,疫情-确诊,2020/1/29 16:28,"2020/1/29
11:36"
2020/1/29 12:00,3,日本确诊大巴司机曾载大连旅行团,国外-日本,疫情-确诊,2020/1/29 15:26,"2020/1/29
9:34"
2020/1/29 12:00,4,最新疫情地图,国内,疫情-地图,2020/2/10 14:30,"2020/1/25
17:12"
2020/1/29 12:00,5,全国累计确诊新型肺炎5974例,国内,疫情-播报,2020/1/29 16:34,"2020/1/29
8:28"
2020/1/29 12:00,6,一病例曾从北京西站坐地铁到北京南站,国内-北京,疫情-溯源,2020/1/29 16:54,"2020/1/29
9:40"
2020/1/29 12:00,7,金银潭医院院长身患渐冻症,国内-湖北-武汉,资讯-医护,2020/1/29 15:56,"2020/1/29
7:32"
2020/1/29 12:00,8,西藏新增1例疑似病例,国内-西藏,疫情-新增,2020/1/29 14:06,"2020/1/29
8:32"
2020/1/29 12:00,10,重庆首例确诊病例治愈出院,国内-重庆,资讯-治愈|疫情-减少,2020/1/29 14:10,"2020/1/29
11:12"
2020/1/29 12:00,12,浙江新增123例新型肺炎,国内-浙江,疫情-新增,2020/1/29 15:54,"2020/1/29
9:24"
2020/1/29 12:00,13,广东新增53例新型肺炎,国内-广东,疫情-新增,2020/1/29 16:16,"2020/1/29
10:34"
2020/1/29 12:00,14,黄冈版小汤山正式启用,国内-湖北-黄冈,医护-小汤山,2020/1/29 13:44,"2020/1/29
7:30"
2020/1/29 12:00,15,湖北新增840例新型肺炎,国内-湖北,疫情-新增,2020/1/29 13:12,"2020/1/29
8:10"
2020/1/29 12:00,16,妈妈在武汉隔离病房去世,国内-湖北-武汉,资讯-死亡,2020/1/29 16:40,"2020/1/29
11:22"
2020/1/29 12:00,18,香港大学 疫苗,国内-香港,疫情-疫苗,2020/1/29 17:16,"2020/1/29
9:56"
2020/1/29 12:00,25,海军医疗队员在ICU的独特印记,国内,资讯-医护|军队,2020/1/29 14:18,"2020/1/29
10:28"
2020/1/29 12:00,27,世界卫生组织将派专家团队访华,国外,WHO|专家,2020/1/29 13:20,"2020/1/29
11:40"
2020/1/29 12:00,28,新型肺炎疫情可能元宵节前好转,国内,疫情-拐点,2020/1/29 14:26,"2020/1/28
23:08"
2020/1/29 12:00,31,江苏新增29例新型肺炎,国内-江苏,疫情-新增,2020/2/9 13:54,"2020/1/29
9:28"
2020/1/29 12:00,32,全国确诊新型肺炎病例,国内,疫情-确诊,2020/1/30 14:02,"2020/1/22
23:26"
2020/1/29 12:00,33,山东新增26例新型肺炎,国内-山东,疫情-新增,2020/1/29 12:38,"2020/1/29
9:52"
2020/1/29 12:00,34,河南新增38例新型肺炎,国内-河南,疫情-新增,2020/1/29 12:40,"2020/1/29
8:42"
2020/1/29 12:00,35,安徽新增46例新型肺炎,国内-安徽,疫情-新增,2020/1/29 12:38,"2020/1/29
9:04"
2020/1/29 12:00,36,还要多久能出疫苗,国内,疫情-疫苗,2020/1/29 12:54,"2020/1/28
23:18"
2020/1/29 12:00,37,贵州无新增病例,国内-贵州,疫情-新增,2020/1/29 15:02,"2020/1/29
10:08"
2020/1/29 12:00,38,四川新增18例新型肺炎,国内-四川,疫情-新增,2020/1/29 12:36,"2020/1/29
9:36"
2020/1/29 12:00,40,吉林新增1例新型肺炎,国内-吉林,疫情-新增,2020/1/29 12:42,"2020/1/29
11:08"
2020/1/29 12:00,41,巴西出现1例疑似病例,国外-巴西,疫情-新增,2020/1/29 12:50,"2020/1/29
10:44"
2020/1/29 12:00,42,机长Vlog记录医疗队驰援武汉,国内-湖北-武汉,资讯-医护,2020/1/29 14:32,"2020/1/29
11:52"
2020/1/29 12:00,44,内蒙古新增3例新型肺炎,国内-内蒙古,疫情-新增,2020/1/29 13:08,"2020/1/29
12:00"
2020/1/29 12:00,48,黑龙江新增7例新型肺炎,国内-黑龙江,疫情-新增,2020/1/29 12:50,"2020/1/29
10:22"
2020/1/28 12:00,1,全国累计确诊病例4515例,国内,疫情-播报,2020/1/28 19:02,"2020/1/28
10:40"
2020/1/28 12:00,4,新型冠状病毒对所有年龄组都易感,国内,疫情-知识,2020/1/28 15:54,"2020/1/28
8:08"
2020/1/28 12:00,5,新型冠状病毒倍增时间比SARS短,国内,疫情-知识,2020/1/28 16:36,"2020/1/28
8:42"
2020/1/28 12:00,7,新型冠状病毒可通过接触传播,国内,疫情-知识|疫情-传播,2020/1/28 17:56,"2020/1/28
10:04"
2020/1/28 12:00,9,最新疫情地图,国内,疫情-地图,2020/2/10 14:30,"2020/1/25
17:12"
2020/1/28 12:00,10,湖北新增1291例确诊病例,国内-湖北,疫情-新增,2020/1/28 16:38,"2020/1/28
9:10"
2020/1/28 12:00,11,广西寻超5000名同行乘客,国内-广西,疫情-溯源,2020/1/28 14:42,"2020/1/28
8:48"
2020/1/28 12:00,12,河南首例死亡病例病情,国内-河南,疫情-死亡,2020/1/28 16:52,"2020/1/28
9:04"
2020/1/28 12:00,13,进藏者一律定点隔离观察14天,国内-西藏,政府-政策,2020/1/28 14:28,"2020/1/28
8:22"
2020/1/28 12:00,14,福建防疫一线医生车祸身亡,国内-福建,医护-死亡,2020/1/28 18:04,"2020/1/28
11:40"
2020/1/28 12:00,15,广东新增42例新型肺炎,国内-广东,疫情-新增,2020/1/28 16:24,"2020/1/28
10:58"
2020/1/28 12:00,18,消费者质疑口罩太贵遭殴打,国内,物资-口罩,2020/1/28 16:42,"2020/1/28
11:44"
2020/1/28 12:00,20,如何区分感冒流感和新型肺炎,国内,疫情-知识,2020/1/28 14:58,"2020/1/28
7:52"
2020/1/28 12:00,22,全国确诊新型肺炎病例,国内,疫情-确诊,2020/1/30 14:02,"2020/1/22
23:26"
2020/1/28 12:00,23,四川新增21例新型肺炎,国内-四川,疫情-新增,2020/1/28 15:46,"2020/1/28
11:08"
2020/1/28 12:00,24,轻症病人1周左右恢复,国内,疫情-知识,2020/1/28 17:32,"2020/1/28
11:50"
2020/1/28 12:00,25,抗病毒喷剂,国内,疫情-防控,2020/1/28 13:24,"2020/1/27
22:38"
2020/1/28 12:00,26,江苏新增23例新型肺炎,国内-江苏,疫情-新增,2020/1/28 14:52,"2020/1/28
9:40"
2020/1/28 12:00,27,专家回应假期是否需再延长,国内,复工,2020/1/28 13:24,"2020/1/27
22:38"
2020/1/28 12:00,28,河北新增15例新型肺炎,国内-河北,疫情-新增,2020/1/28 15:08,"2020/1/28
11:04"
2020/1/28 12:00,30,北京铁路部分列车将临时停运,国内-北京,政府-政策,2020/1/28 16:50,"2020/1/28
11:46"
2020/1/28 12:00,32,安徽新增36例新型肺炎,国内-安徽,疫情-新增,2020/1/28 14:26,"2020/1/28
9:48"
2020/1/28 12:00,33,山东新增确诊12例新型肺炎,国内-山东,疫情-新增,2020/1/28 14:04,"2020/1/28
9:26"
2020/1/28 12:00,34,天津成立疫情医疗救治总医院,国内-天津,政府-政策|疫情-医院,2020/1/28 12:50,"2020/1/28
8:34"
2020/1/28 12:00,35,教育部通知延期开学,国内,复工-开学,2020/1/28 12:56,"2020/1/27
23:36"
2020/1/28 12:00,36,重庆新增22例新型肺炎,国内-重庆,疫情-新增,2020/1/28 13:58,"2020/1/28
10:32"
2020/1/28 12:00,37,吉林新增新型肺炎2例,国内-吉林,疫情-新增,2020/1/28 12:26,"2020/1/28
10:46"
2020/1/28 12:00,39,河南新增确诊40例新型肺炎,国内-河南,疫情-新增,2020/1/28 12:54,"2020/1/28
8:48"
2020/1/28 12:00,40,德国确诊首例新型冠状病毒患者,国外-德国,疫情-新增,2020/1/28 12:28,"2020/1/28
7:50"
2020/1/28 12:00,41,新疆新增确诊5例新型肺炎,国内-新疆,疫情-新增,2020/1/28 12:28,"2020/1/28
10:04"
2020/1/28 12:00,44,疫情联防联控实时播报,国内,资讯-其他,2020/1/28 14:20,"2020/1/27
11:58"
2020/1/28 12:00,45,开窗唱歌可能传播病毒,国内-湖北-武汉,疫情-知识,2020/1/28 12:16,"2020/1/27
22:48"
2020/1/28 12:00,46,山西新增7例确诊病例,国内-山西,疫情-新增,2020/1/28 12:10,"2020/1/28
7:48"
2020/1/28 12:00,47,浙江延期复工,国内-浙江,复工,2020/1/28 12:10,"2020/1/28
0:08"
2020/1/28 12:00,50,全国指定接待湖北游客酒店信息,国内,资讯,2020/1/28 12:00,"2020/1/27
23:38"
2020/1/27 12:00,1,安徽出现聚集性疫情,国内-安徽,疫情-扩散,2020/1/27 19:18,"2020/1/27
10:42"
2020/1/27 12:00,2,浙江成功分离到新型冠状病毒毒株,国内-浙江,疫情-病毒,2020/1/27 18:14,"2020/1/27
9:22"
2020/1/27 12:00,5,全国累计确诊新型肺炎2744例,国内,疫情-播报,2020/1/27 18:04,"2020/1/27
8:08"
2020/1/27 12:00,9,最新疫情地图,国内,疫情-地图,2020/2/10 14:30,"2020/1/25
17:12"
2020/1/27 12:00,13,香港确诊病例增至8例,国内-香港,疫情-新增,2020/1/27 12:44,"2020/1/27
10:50"
2020/1/27 12:00,14,总理来武汉,国内-湖北-武汉,资讯,2020/1/27 20:36,"2020/1/27
11:50"
2020/1/27 12:00,15,交通部要求各地公路交通不中断,国内,政府-政策,2020/1/27 12:50,"2020/1/27
9:36"
2020/1/27 12:00,16,湖北3名干部防控疫情不力被查处,国内-湖北,政府-问责,2020/1/28 07:16,"2020/1/27
11:10"
2020/1/27 12:00,18,武汉民宗委原主任去世,国内-湖北-武汉,疫情-死亡,2020/1/27 16:20,"2020/1/27
10:14"
2020/1/27 12:00,20,强行带疑染新型肺炎孩子离境被捕,国内,资讯-被捕,2020/1/27 17:44,"2020/1/27
9:08"
2020/1/27 12:00,21,16日乘晋M81162客车乘客,国内-湖北-武汉,疫情-溯源,2020/1/27 13:04,"2020/1/27
11:12"
2020/1/27 12:00,23,戴口罩自拍大赛,国内,医护,2020/1/27 13:48,"2020/1/27
9:32"
2020/1/27 12:00,25,长发护士抗击疫情剪光头,国内,医护,2020/1/27 14:30,"2020/1/27
10:26"
2020/1/27 12:00,26,浙江暂停省际道路客运,国内-浙江,政府-政策,2020/1/27 12:34,"2020/1/27
11:00"
2020/1/27 12:00,28,武汉开设1元店供应1元蔬菜,国内-湖北-武汉,物资-蔬菜,2020/1/27 13:46,"2020/1/27
9:36"
2020/1/27 12:00,30,重庆暂停省际道路客运班车,国内-重庆,政府-政策,2020/1/27 12:34,"2020/1/27
11:12"
2020/1/27 12:00,31,河南累计确诊新型肺炎增至128例,国内-河南,疫情-新增,2020/1/27 13:16,"2020/1/27
8:58"
2020/1/27 12:00,32,口罩,国内,物资-口罩,2020/1/28 09:50,"2020/1/21
12:10"
2020/1/27 12:00,33,春节假期延长至2月2日,国内,复工,2020/1/27 13:16,"2020/1/27
2:50"
2020/1/27 12:00,35,武汉市民客厅跳广场舞解压,国内-湖北-武汉,资讯,2020/1/27 13:30,"2020/1/27
9:24"
2020/1/27 12:00,36,全国确诊新型肺炎病例,国内,疫情-确诊,2020/1/30 14:02,"2020/1/22
23:26"
2020/1/27 12:00,37,交通委表示北京不会封城,国内-北京,政府-政策,2020/1/27 12:14,"2020/1/27
11:00"
2020/1/27 12:00,38,发改委下达3亿元支持疫情应对,国内,政府-政策,2020/1/27 12:14,"2020/1/27
10:26"
2020/1/27 12:00,39,卫健委疫情防控发布会,国内,卫健委,2020/1/27 13:10,"2020/1/27
11:42"
2020/1/27 12:00,41,16日国航CA8275航班乘客,国内,疫情-溯源,2020/1/27 13:40,"2020/1/27
11:46"
2020/1/27 12:00,42,500万人离开武汉,国内-湖北-武汉,疫情-溯源,2020/1/27 12:48,"2020/1/26
22:44"
2020/1/27 12:00,44,上海累计确诊53例新型肺炎,国内-上海,疫情-新增,2020/1/27 13:20,"2020/1/27
11:50"
2020/1/27 12:00,46,武汉暂停受理出入境业务,国内-湖北-武汉,政府-政策,2020/1/27 12:06,"2020/1/27
10:14"
2020/1/27 12:00,47,韩红更新捐款名单,国内,人物-韩红,2020/1/27 12:14,"2020/1/26
22:16"
2020/1/27 12:00,48,湖北省长表示痛心内疚自责,国内-湖北-武汉,政府,2020/1/27 12:06,"2020/1/26
23:06"
2020/1/27 12:00,49,12日K457与K581车次乘客,国内,疫情-溯源,2020/1/27 12:04,"2020/1/27
9:02"
2020/1/26 12:00,1,传染病学专家表示疫情已刻不容缓,国内,专家,2020/1/26 15:38,"2020/1/26
7:12"
2020/1/26 12:00,3,多所高校延期开学,国内,复工-开学,2020/1/26 22:00,"2020/1/26
10:02"
2020/1/26 12:00,5,武汉现状,国内-湖北-武汉,资讯,2020/1/26 18:16,"2020/1/26
11:34"
2020/1/26 12:00,6,武汉病毒核酸日检测量预计可达2000份,国内-湖北-武汉,疫情-检测,2020/1/26 14:48,"2020/1/26
9:58"
2020/1/26 12:00,7,野生动物有多少病毒,国内,疫情-知识,2020/1/26 16:50,"2020/1/26
11:02"
2020/1/26 12:00,8,韩红,国内,人物-韩红,2020/2/4 16:28,"2020/1/26
10:44"
2020/1/26 12:00,9,全国确诊新型肺炎病例,国内,疫情-确诊,2020/1/30 14:02,"2020/1/22
23:26"
2020/1/26 12:00,10,上海出现首例死亡病例,国内-上海,疫情-死亡,2020/1/26 15:06,"2020/1/26
8:32"
2020/1/26 12:00,11,北电中戏推迟艺考时间,国内-北京,复工-开学,2020/1/26 16:04,"2020/1/26
11:08"
2020/1/26 12:00,12,24日武汉开往梅州D3286次乘客,国内-湖北-武汉,疫情-溯源,2020/1/26 14:12,"2020/1/26
10:38"
2020/1/26 12:00,13,广东汕头禁止车辆船只人员进入,国内-广东-汕头,政府-政策,2020/1/26 15:50,"2020/1/26
11:28"
2020/1/26 12:00,14,广东多地取消2月2日婚姻登记,国内-广东,政府-政策,2020/1/26 13:00,"2020/1/26
11:02"
2020/1/26 12:00,15,最新疫情地图,国内,疫情-地图,2020/2/10 14:30,"2020/1/25
17:12"
2020/1/26 12:00,16,上海81套人工心肺发往武汉,国内-上海,物资,2020/1/26 14:54,"2020/1/26
11:02"
2020/1/26 12:00,17,口罩标准,国内,物资-口罩,2020/1/26 15:06,"2020/1/26
11:12"
2020/1/26 12:00,19,山西染病中巴乘客全部找到,国内-山西,疫情-溯源,2020/1/26 15:04,"2020/1/26
10:00"
2020/1/26 12:00,20,蝙蝠,国内,疫情-知识,2020/1/26 17:08,"2020/1/22
18:40"
2020/1/26 12:00,21,河南新增51例确诊病例,国内-河南,疫情-新增,2020/1/26 14:26,"2020/1/26
8:42"
2020/1/26 12:00,22,消毒液,国内,物资-消毒液,2020/1/26 16:10,"2020/1/26
11:46"
2020/1/26 12:00,25,北京三名医生感染新型肺炎,国内-北京,疫情-新增|医护,2020/1/26 14:10,"2020/1/26
7:22"
2020/1/26 12:00,26,UP主实拍武汉,国内-湖北-武汉,资讯,2020/1/26 15:42,"2020/1/26
11:46"
2020/1/26 12:00,27,湖南新增重症病例6例,国内-湖南,疫情-新增,2020/1/26 13:00,"2020/1/26
10:46"
2020/1/26 12:00,29,柳叶刀,国外,疫情-知识,2020/1/26 12:08,"2020/1/26
0:00"
2020/1/26 12:00,31,口罩4小时用完后怎么处理,国内,疫情-知识|物资-口罩,2020/1/26 15:44,"2020/1/26
11:50"
2020/1/26 12:00,32,抗艾滋病药物可试用新型肺炎,国内,疫情-药物,2020/1/26 14:06,"2020/1/26
7:52"
2020/1/26 12:00,33,河南村庄为阻走亲友挖掘机断路,国内-河南,政府-政策,2020/1/26 14:22,"2020/1/26
8:32"
2020/1/26 12:00,34,医生请战书上的5个感叹号,国内,医护,2020/1/26 14:10,"2020/1/26
7:10"
2020/1/26 12:00,35,四川新增新型肺炎16例,国内-四川,疫情-新增,2020/1/26 12:46,"2020/1/26
10:26"
2020/1/26 12:00,36,浙江新增42例确诊病例,国内-浙江,疫情-新增,2020/1/26 14:30,"2020/1/26
9:12"
2020/1/26 12:00,38,东莞真硬核,国内-广东-东莞,政府-政策,2020/1/26 13:34,"2020/1/26
0:00"
2020/1/26 12:00,39,黄冈版小汤山医院,国内-湖北-黄冈,疫情-医院,2020/1/26 13:20,"2020/1/26
7:10"
2020/1/26 12:00,40,我只有五分钟接受采访,国内,人物-钟南山,2020/1/26 13:08,"2020/1/25
23:06"
2020/1/26 12:00,41,广东新增新型肺炎20例,国内-广东,疫情-新增,2020/1/26 13:08,"2020/1/26
9:36"
2020/1/26 12:00,42,宣传标语也太硬核了,国内-河南,政府-政策,2020/1/26 13:14,"2020/1/26
7:12"
2020/1/26 12:00,43,钟南山说动才动,国内,人物-钟南山,2020/1/26 13:02,"2020/1/25
22:34"
2020/1/26 12:00,44,中国马蹄蝠,国内,疫情-知识,2020/1/26 13:12,"2020/1/25
21:46"
2020/1/26 12:00,46,武汉一餐馆24小时为医护人员送餐,国内-湖北-武汉,资讯-外卖|医护,2020/1/26 12:16,"2020/1/26
7:42"
2020/1/26 12:00,47,湖北累计新型肺炎1052例,国内-湖北,疫情-新增,2020/1/26 12:14,"2020/1/26
7:40"
2020/1/26 12:00,48,医护人员发放临时性工作补助,国内,医护-补助,2020/1/26 12:32,"2020/1/26
8:34"
2020/1/26 12:00,50,专家答疑如何预防新型肺炎,国内,专家|疫情-知识,2020/1/26 12:02,"2020/1/26
10:18"
2020/1/25 12:00,1,新加坡抵杭州一架航班所有乘客隔离,国外-新加坡,资讯,2020/1/25 18:00,"2020/1/25
10:30"
2020/1/25 12:00,2,上海民政局取消2月2日结婚登记,国内-上海,政府-政策,2020/1/25 17:32,"2020/1/25
10:46"
2020/1/25 12:00,3,全国确诊新型肺炎病例,国内,疫情-确诊,2020/1/30 14:02,"2020/1/22
23:26"
2020/1/25 12:00,5,广东发现1起工作同事聚集性疫情,国内-广东,疫情-扩散,2020/1/25 17:28,"2020/1/25
9:34"
2020/1/25 12:00,6,重庆累计确诊57例病例,国内-重庆,疫情-新增,2020/1/25 15:50,"2020/1/25
9:30"
2020/1/25 12:00,7,火神山医院将于2月1日建成,国内-湖北-武汉,疫情-医院,2020/1/25 17:58,"2020/1/25
10:04"
2020/1/25 12:00,8,首个新冠病毒检测试剂盒通过检验,国内,疫情-检测,2020/1/25 15:44,"2020/1/25
7:52"
2020/1/25 12:00,10,北京又一名新型肺炎患者痊愈出院,国内-北京,疫情-治愈|疫情-减少,2020/1/25 13:54,"2020/1/25
11:36"
2020/1/25 12:00,11,三所军医大学450人医疗队支援湖北,国内,军队|医护,2020/1/25 14:56,"2020/1/25
11:24"
2020/1/25 12:00,14,湖南新增19例新型肺炎确诊病例,国内-湖南,疫情-新增,2020/1/25 14:20,"2020/1/25
11:16"
2020/1/25 12:00,15,河南新增23例确诊病例,国内-河南,疫情-新增,2020/1/25 16:28,"2020/1/25
9:46"
2020/1/25 12:00,17,钟南山,国内,人物-钟南山,2020/2/10 14:30,"2020/1/20
23:16"
2020/1/25 12:00,19,四川新增13例确诊病例,国内-四川,疫情-新增,2020/1/25 16:02,"2020/1/25
10:54"
2020/1/25 12:00,20,除夕夜的武汉,国内-湖北-武汉,资讯,2020/1/25 14:58,"2020/1/25
1:02"
2020/1/25 12:00,22,医生挨个进隔离病房互相打气,国内-湖北-武汉,医护,2020/1/25 15:36,"2020/1/25
9:42"
2020/1/25 12:00,28,追星女孩 募捐,国内,资讯,2020/1/25 15:28,"2020/1/25
7:22"
2020/1/25 12:00,29,商务部紧急协调200多万只口罩,国内,物资-口罩,2020/1/25 15:22,"2020/1/25
7:24"
2020/1/25 12:00,30,封城日记,国内-湖北-武汉,资讯,2020/1/26 08:48,"2020/1/24
15:34"
2020/1/25 12:00,31,梁武东医生因新冠肺炎去世,国内-湖北-武汉,医护-去世,2020/1/25 19:08,"2020/1/25
10:04"
2020/1/25 12:00,32,江苏新增9例确诊病例,国内-湖北-武汉,疫情-新增,2020/1/25 14:32,"2020/1/25
10:20"
2020/1/25 12:00,33,新型肺炎已治愈38例,国内,疫情-治愈|疫情-减少,2020/1/25 15:42,"2020/1/25
9:38"
2020/1/25 12:00,34,150名解放军医护人员包机飞武汉,国内-湖北-武汉,医护|军队,2020/1/25 15:18,"2020/1/25
7:24"
2020/1/25 12:00,35,湖北累计报告新型肺炎病例729例,国内-湖北,疫情-新增,2020/1/25 15:40,"2020/1/25
8:46"
2020/1/25 12:00,37,河北新增6例新型肺炎确诊病例,国内-河北,疫情-新增,2020/1/25 12:36,"2020/1/25
10:36"
2020/1/25 12:00,40,法国确诊2例新型肺炎病例,国外-法国,疫情-新增,2020/1/25 14:22,"2020/1/25
7:58"
2020/1/25 12:00,42,广东新增25例新型肺炎确诊病例,国内-广东,疫情-新增,2020/1/25 12:52,"2020/1/25
10:04"
2020/1/25 12:00,44,浙江新增19例确诊病例,国内-浙江,疫情-新增,2020/1/25 12:36,"2020/1/25
9:38"
2020/1/25 12:00,45,口罩不要随便扔,国内,物资-口罩,2020/1/25 12:48,"2020/1/25
7:24"
2020/1/25 12:00,50,医生详述新冠肺炎治疗过程,国内,医护|疫情-知识,2020/1/25 12:02,"2020/1/25
2:00"
2020/1/24 12:00,2,湖北一家三口去山东过年被举报,国内-湖北,资讯,2020/1/24 20:20,"2020/1/24
10:54"
2020/1/24 12:00,3,全国确诊830例新型肺炎病例,国内,疫情-播报,2020/1/24 16:10,"2020/1/24
8:24"
2020/1/24 12:00,4,湖北商务厅副厅长感染新冠病毒,国内-湖北,疫情-新增,2020/1/24 19:38,"2020/1/24
11:10"
2020/1/24 12:00,5,黑龙江死亡1例,国内-黑龙江,疫情-死亡,2020/1/24 15:22,"2020/1/24
9:42"
2020/1/24 12:00,6,钟南山任疫情应急科研攻关组长,国内,人物-钟南山,2020/1/24 18:44,"2020/1/24
11:14"
2020/1/24 12:00,7,从武汉回来请自行隔离,国内-湖北-武汉,疫情-隔离,2020/1/24 14:50,"2020/1/24
8:44"
2020/1/24 12:00,10,高校必要时可调整教学安排,国内-湖北-武汉,复工-开学,2020/1/24 17:40,"2020/1/24
8:54"
2020/1/24 12:00,11,广东累计家庭聚集性疫情10起,国内-广东,疫情-扩散,2020/1/24 15:14,"2020/1/24
9:42"
2020/1/24 12:00,12,新型肺炎已治愈34例,国内,疫情-治愈,2020/1/24 16:28,"2020/1/24
9:00"
2020/1/24 12:00,13,全国确诊新型肺炎病例,国内,疫情-确诊,2020/1/30 14:02,"2020/1/22
23:26"
2020/1/24 12:00,14,湖北学校推迟开学时间,国内-湖北-武汉,复工-开学,2020/1/24 14:26,"2020/1/24
7:18"
2020/1/24 12:00,15,武汉护士的朋友圈,国内-湖北-武汉,医护,2020/1/24 14:34,"2020/1/24
8:14"
2020/1/24 12:00,17,韩国确诊第二例新冠肺炎病例,国外-韩国,疫情-新增,2020/1/24 18:08,"2020/1/24
11:24"
2020/1/24 12:00,18,浙江确诊43例,国内-浙江,疫情-新增,2020/1/24 12:54,"2020/1/24
10:00"
2020/1/24 12:00,19,重庆新增确诊18例,国内-重庆,疫情-新增,2020/1/24 15:24,"2020/1/24
10:00"
2020/1/24 12:00,20,退票,国内,资讯,2020/1/24 13:40,"2020/1/24
9:42"
2020/1/24 12:00,21,来抄河南的作业,国内-河南,资讯,2020/1/24 13:40,"2020/1/24
2:22"
2020/1/24 12:00,22,武汉版小汤山开建,国内-湖北-武汉,疫情-医院,2020/1/24 19:56,"2020/1/24
11:16"
2020/1/24 12:00,25,武汉女医护人员自发剪掉长发,国内-湖北-武汉,医护,2020/1/24 15:10,"2020/1/24
7:46"
2020/1/24 12:00,26,疫情地图,国内,疫情-地图,2020/1/24 22:14,"2020/1/22
23:54"
2020/1/24 12:00,28,湖北10市公共交通停运,国内-湖北,政府-政策,2020/1/24 13:04,"2020/1/24
10:42"
2020/1/24 12:00,30,海南省累计确诊8例新型肺炎,国内-海南,疫情-新增,2020/1/24 13:30,"2020/1/24
10:42"
2020/1/24 12:00,34,新型肺炎不构成国外突发卫生事件,国内,WHO,2020/1/24 12:46,"2020/1/24
3:48"
2020/1/24 12:00,36,为了让长辈戴口罩有多拼,国内,疫情-知识,2020/1/24 14:04,"2020/1/24
8:24"
2020/1/24 12:00,37,北京多家演出机构取消春节演出,国内-北京,政府-政策,2020/1/24 12:50,"2020/1/24
10:56"
2020/1/24 12:00,38,蝙蝠,国内,疫情-知识,2020/1/26 17:08,"2020/1/22
18:40"
2020/1/24 12:00,39,新型冠状病毒预防教程,国内,疫情-知识,2020/1/24 12:48,"2020/1/24
10:42"
2020/1/24 12:00,41,疾病数学实验揭示防护措施有多重要,国内,疫情-知识,2020/1/24 12:10,"2020/1/24
11:40"
2020/1/24 12:00,44,退掉返乡车票的湖北旅客,国内-湖北,资讯,2020/1/24 15:54,"2020/1/24
11:56"
2020/1/24 12:00,45,正确脱戴口罩方法,国内,疫情-知识,2020/1/24 12:12,"2020/1/24
9:32"
2020/1/24 12:00,46,江西确诊7例,国内-江西,疫情-新增,2020/1/24 12:04,"2020/1/24
9:54"
2020/1/24 12:00,48,国家博物馆闭馆,国内-北京,政府-政策,2020/1/24 12:02,"2020/1/24
8:44"
2020/1/24 12:00,49,武汉将以小汤山模式建医院,国内-湖北-武汉,疫情-医院,2020/1/24 12:06,"2020/1/23
22:48"
2020/1/23 12:00,2,广东发现6起家庭聚集性疫情,国内-广东,疫情-扩散,2020/1/23 21:00,"2020/1/23
11:32"
2020/1/23 12:00,3,17例新型肺炎死亡病例病情公布,国内,疫情-死亡,2020/1/24 07:12,"2020/1/23
9:38"
2020/1/23 12:00,5,肺炎疫情下的春运,国内,资讯,2020/1/23 21:28,"2020/1/23
11:38"
2020/1/23 12:00,6,李兰娟院士称普通民众暂不需要护目镜,国内,疫情-知识,2020/1/23 19:42,"2020/1/23
11:26"
2020/1/23 12:00,7,央视春晚两个分会场改为录播,国内-北京,政府-政策,2020/1/23 18:58,"2020/1/23
9:36"
2020/1/23 12:00,8,全国确诊新型肺炎病例,国内,疫情-确诊,2020/1/30 14:02,"2020/1/22
23:26"
2020/1/23 12:00,9,武汉封城,国内-湖北-武汉,政府-政策,2020/1/23 19:42,"2020/1/23
3:08"
2020/1/23 12:00,10,山东新增4例新型肺炎确诊病例,国内-山东,疫情-新增,2020/1/23 13:28,"2020/1/23
11:30"
2020/1/23 12:00,11,抗疫一线90后护士的手,国内,医护,2020/1/23 18:04,"2020/1/23
8:38"
2020/1/23 12:00,12,陌生女孩为执勤民警送口罩,国内,资讯,2020/1/23 18:42,"2020/1/23
10:28"
2020/1/23 12:00,13,福建新增3例新型肺炎确诊病例,国内-福建,疫情-新增,2020/1/23 15:56,"2020/1/23
11:44"
2020/1/23 12:00,14,李兰娟回应新型肺炎6大疑问,国内,疫情-知识|人物-李兰娟,2020/1/23 16:48,"2020/1/23
7:24"
2020/1/23 12:00,15,护目镜,国内,物资-护目镜,2020/1/23 17:08,"2020/1/23
2:00"
2020/1/23 12:00,16,英国为武汉出发的直飞航班设立隔离区,国外-英国,资讯,2020/1/23 19:42,"2020/1/23
10:54"
2020/1/23 12:00,18,医用外科口罩正确戴法,国内,疫情-知识|物资-口罩,2020/1/23 19:20,"2020/1/23
11:26"
2020/1/23 12:00,19,成都一公司车站免费发10万个口罩,国内-四川-成都,物资-口罩,2020/1/23 21:46,"2020/1/23
9:48"
2020/1/23 12:00,21,疫情地图,国内,疫情-地图,2020/1/24 22:14,"2020/1/22
23:54"
2020/1/23 12:00,26,四川新增3例新型肺炎确诊病例,国内-四川,疫情-新增,2020/1/23 15:58,"2020/1/23
11:44"
2020/1/23 12:00,27,湖北主持人戴口罩播报,国内-湖北,资讯|物资-口罩,2020/1/23 12:20,"2020/1/23
9:08"
2020/1/23 12:00,31,江苏确诊首例新型肺炎病例,国内-江苏,疫情-新增,2020/1/23 12:36,"2020/1/23
0:24"
2020/1/23 12:00,33,武汉公交地铁暂停运营,国内-湖北-武汉,政府-政策,2020/1/23 14:32,"2020/1/23
2:48"
2020/1/23 12:00,34,春节最美逆行者,国内,医护,2020/1/23 18:46,"2020/1/23
11:14"
2020/1/23 12:00,35,医护人员齐喊武汉必胜,国内-湖北-武汉,医护,2020/1/23 16:26,"2020/1/23
8:52"
2020/1/23 12:00,37,蝙蝠,国内,疫情-知识,2020/1/26 17:08,"2020/1/22
18:40"
2020/1/23 12:00,38,武汉要求全市在公共场合佩戴口罩,国内-湖北-武汉,政府-政策,2020/1/23 14:26,"2020/1/22
22:26"
2020/1/23 12:00,40,黑龙江确诊首例新型肺炎病例,国内-黑龙江,疫情-新增,2020/1/23 12:18,"2020/1/23
1:18"
2020/1/23 12:00,41,武汉机场火车站离汉通道暂时关闭,国内-湖北-武汉,政府-政策,2020/1/23 12:50,"2020/1/23
3:06"
2020/1/23 12:00,42,新型肺炎已致湖北17人死亡,国内-湖北,疫情-死亡,2020/1/23 12:44,"2020/1/22
22:46"
2020/1/23 12:00,45,钟南山,国内,人物-钟南山,2020/2/10 16:12,"2020/1/20
23:16"
2020/1/23 12:00,46,野味肺炎,国内,疫情-知识,2020/1/23 15:12,"2020/1/22
18:46"
2020/1/22 12:00,1,新型肺炎确诊440例死亡9例,国内,疫情-死亡|疫情-播报,2020/1/22 18:48,"2020/1/22
10:30"
2020/1/22 12:00,2,新型冠状病毒来源是野生动物,国内,疫情-知识,2020/1/22 19:34,"2020/1/22
11:26"
2020/1/22 12:00,3,武汉给市民朋友的一封信,国内-湖北-武汉,资讯,2020/1/22 17:46,"2020/1/22
9:48"
2020/1/22 12:00,4,新型肺炎病毒存在变异可能,国内,疫情-知识,2020/1/23 07:22,"2020/1/22
11:06"
2020/1/22 12:00,6,N95口罩,国内,物资-口罩,2020/1/22 21:56,"2020/1/22
9:34"
2020/1/22 12:00,7,国新办回应新型肺炎,国内,政府,2020/1/23 07:08,"2020/1/22
10:18"
2020/1/22 12:00,8,广东打击哄抬口罩价格行为,国内-广东,政府-政策,2020/1/22 16:36,"2020/1/22
8:56"
2020/1/22 12:00,10,央视记者探访武汉隔离病房,国内-湖北-武汉,资讯-医院,2020/1/22 18:00,"2020/1/22
9:50"
2020/1/22 12:00,11,卫健委专家组一成员被隔离,国内-湖北-武汉,卫健委,2020/1/22 12:42,"2020/1/22
10:02"
2020/1/22 12:00,12,84岁钟南山再战防疫最前线,国内-湖北-武汉,人物-钟南山,2020/1/22 17:18,"2020/1/22
8:34"
2020/1/22 12:00,13,协和医院骨科医生自愿支援,国内-湖北-武汉,医护,2020/1/22 15:50,"2020/1/22
8:24"
2020/1/22 12:00,16,淘宝所有口罩不允许涨价,国内,物资-口罩,2020/1/22 17:10,"2020/1/22
7:42"
2020/1/22 12:00,17,武汉市长回应万家宴,国内-湖北-武汉,政府,2020/1/23 08:40,"2020/1/22
11:40"
2020/1/22 12:00,20,9个关于新型肺炎最新事实,国内,疫情-知识,2020/1/22 22:44,"2020/1/22
11:48"
2020/1/22 12:00,24,长沙确诊首例新型肺炎病例,国内-湖南-长沙,疫情-新增,2020/1/22 12:34,"2020/1/22
7:38"
2020/1/22 12:00,25,湖北发布加强新型肺炎防控通告,国内-湖北,政府-政策,2020/1/22 17:58,"2020/1/22
9:50"
2020/1/22 12:00,26,美国确诊首例新型肺炎病例,国外-美国,疫情-新增,2020/1/22 12:46,"2020/1/22
3:26"
2020/1/22 12:00,27,武汉疫情防控全面升级,国内-湖北-武汉,政府-政策,2020/1/22 17:00,"2020/1/22
7:10"
2020/1/22 12:00,31,全副武装的白衣战士,国内,医护,2020/1/22 16:08,"2020/1/22
7:10"
2020/1/22 12:00,37,武汉新型肺炎患者救治由政府买单,国内-湖北-武汉,政府-政策,2020/1/22 13:28,"2020/1/21
20:02"
2020/1/22 12:00,41,暂无证据证明已出现超级传播者,国内,疫情-知识,2020/1/23 06:58,"2020/1/22
12:00"
2020/1/22 12:00,42,口罩商3倍工资让回厂加班,国内,复工|物资-口罩,2020/1/22 20:54,"2020/1/22
11:58"
2020/1/22 12:00,50,广州地铁体温检测,国内-广东-广州,政府-政策,2020/1/22 12:00,"2020/1/21
19:34"
2020/1/21 12:00,1,武汉15名医务人员感染新型冠状病毒,国内-湖北-武汉,医护|疫情-新增,2020/1/21 18:52,"2020/1/21
7:36"
2020/1/21 12:00,4,新型冠状病毒肺炎纳入法定传染病,国内,政府-政策,2020/1/21 18:52,"2020/1/21
8:12"
2020/1/21 12:00,7,钟南山肯定新型冠状病毒肺炎人传人,国内-湖北-武汉,人物-钟南山|疫情-知识,2020/1/21 19:16,"2020/1/20
22:54"
2020/1/21 12:00,20,春运如何严防新型冠状病毒,国内,疫情-知识,2020/1/21 22:14,"2020/1/21
11:14"
2020/1/21 12:00,23,钟南山,国内,人物-钟南山,2020/2/10 16:12,"2020/1/20
23:16"
2020/1/21 12:00,24,朱一龙鼓励医生粉丝,国内,医护,2020/1/21 13:36,"2020/1/21
7:26"
2020/1/21 12:00,31,一图看懂新型冠状病毒肺炎,国内,疫情-知识,2020/1/22 07:10,"2020/1/21
8:06"
2020/1/21 12:00,40,新型冠状病毒传染性比SARS弱,国内,疫情-知识,2020/1/21 15:02,"2020/1/20
23:06"
2020/1/21 12:00,42,武汉发热门诊名单,国内-湖北-武汉,疫情-医院,2020/1/21 13:50,"2020/1/20
20:18"
2020/1/20 12:00,9,浙江发现5例武汉来浙并有发热等症状患者,国内-浙江,疫情-溯源,2020/1/20 23:46,"2020/1/20
10:48"
2020/1/20 12:00,10,武汉卫健委发布病毒性肺炎高发注意事项,国内-湖北-武汉,疫情-知识,2020/1/21 07:28,"2020/1/20
8:54"
2020/1/20 12:00,11,深圳另有8例新型冠状病毒肺炎观察病例,国内-广东-深圳,疫情-新增,2020/1/20 18:48,"2020/1/20
10:34"
2020/1/20 12:00,12,北京确诊2例新型冠状病毒感染肺炎病例,国内-北京,疫情-新增,2020/1/20 16:48,"2020/1/20
7:28"
2020/1/20 12:00,13,武汉新增新型肺炎136例,国内-湖北-武汉,疫情-新增,2020/1/20 18:40,"2020/1/20
7:22"
2020/1/20 12:00,14,广东确诊1例新型冠状病毒感染肺炎病例,国内-广东,疫情-新增,2020/1/20 16:48,"2020/1/20
7:14"
2020/1/20 12:00,29,新型冠状病毒传染来源还未找到,国内,疫情-知识,2020/1/20 13:24,"2020/1/19
20:04"
2020/1/20 12:00,34,上海加强对可疑病例筛查,国内-上海,政府-政策,2020/1/20 13:26,"2020/1/20
7:08"
2020/1/19 12:00,7,专家称武汉冠状病毒肺炎总体可治,国内,专家|疫情-知识,2020/1/19 17:20,"2020/1/19
11:12"
2020/1/19 12:00,15,武汉新增17例新型冠状病毒肺炎病例,国内-湖北-武汉,疫情-新增,2020/1/20 06:56,"2020/1/19
7:48"
2020/1/18 12:00,11,武汉新增4例新型冠状病毒肺炎病例,国内-湖北-武汉,疫情-新增,2020/1/18 15:58,"2020/1/18
7:26"
2020/1/16 12:00,21,日本确认首例新型冠状病毒病例,国外-日本,疫情-新增,2020/1/16 16:22,"2020/1/16
10:04"
2020/1/15 12:00,8,泰国新型冠状病毒病例为武汉游客,国外-泰国,疫情-新增,2020/1/15 15:00,"2020/1/15
8:04"
2020/1/15 12:00,14,武汉肺炎不排除有限人传人可能,国内-湖北-武汉,疫情-知识,2020/1/15 13:40,"2020/1/15
7:52"
2020/1/14 12:00,8,泰国发现1例新型冠状病毒病例,国外-泰国,疫情-新增,2020/1/14 20:30,"2020/1/14
11:42"
2020/1/11 12:00,48,专家解读武汉不明原因肺炎,国内,专家|疫情-知识,2020/1/11 14:50,"2020/1/11
8:18"
2020/1/9 12:00,7,武汉不明原因肺炎病原体为新型冠状病毒,国内-湖北-武汉,疫情-知识,"2020/1/9
17:36",2020/1/9 08:38
